frame,class,conf,x1,y1,x2,y2
0,55,0.28348761796951294,4,0,1813,1080
1,25,0.27221590280532837,603,0,1553,181
2,25,0.27417275309562683,603,0,1553,181
3,25,0.29311391711235046,601,0,1553,183
4,25,0.265353262424469,599,0,1554,190
5,25,0.2983364164829254,591,0,1556,188
5,0,0.2533468008041382,495,36,1515,1050
6,25,0.3140203356742859,591,0,1556,187
7,25,0.3168940246105194,591,0,1557,187
8,25,0.30749163031578064,597,0,1556,181
8,0,0.2659095227718353,501,25,1476,1046
9,25,0.33315712213516235,598,0,1557,178
9,0,0.2776198387145996,501,25,1481,1045
10,25,0.3941003084182739,598,0,1551,172
11,25,0.34786781668663025,597,0,1552,170
12,25,0.34702780842781067,598,0,1552,170
13,25,0.3883998394012451,590,0,1552,180
14,25,0.3878021836280823,590,0,1552,181
15,25,0.3685857057571411,608,0,1547,183
16,25,0.3331499397754669,608,0,1547,179
17,25,0.3306106925010681,607,0,1547,178
18,25,0.478368878364563,635,0,1530,178
18,0,0.3232645094394684,509,21,1501,1039
19,25,0.4722922146320343,634,0,1530,179
19,0,0.34154775738716125,509,21,1498,1040
20,25,0.3041526675224304,653,0,1556,182
21,25,0.27275773882865906,653,0,1557,183
22,25,0.25966784358024597,653,0,1557,183
23,25,0.3093058168888092,659,0,1565,180
23,29,0.25828325748443604,458,27,1456,997
25,75,0.2627793848514557,395,36,1490,991
26,75,0.2721879482269287,394,37,1491,991
27,75,0.2625640332698822,394,37,1491,991
58,41,0.43140149116516113,44,750,111,841
58,39,0.3792226016521454,1325,648,1367,759
58,71,0.2769840359687805,1048,769,1252,884
58,45,0.26260045170783997,1049,769,1252,885
59,41,0.43836459517478943,44,750,111,841
59,39,0.3762560486793518,1325,648,1367,759
59,71,0.28208789229393005,1048,769,1252,884
59,45,0.2591789960861206,1049,769,1252,885
60,41,0.4377300441265106,44,750,111,841
60,39,0.3814249038696289,1325,648,1367,759
60,71,0.2851536273956299,1048,769,1252,884
60,45,0.25291386246681213,1049,769,1252,885
61,41,0.4476277232170105,44,750,111,841
61,39,0.3806864321231842,1325,648,1367,759
61,71,0.28475213050842285,1048,769,1252,884
61,45,0.2583261728286743,1049,769,1252,885
62,41,0.439268559217453,44,750,111,841
62,39,0.38463887572288513,1325,648,1367,759
62,71,0.2736508548259735,1048,769,1252,884
62,45,0.25427988171577454,1049,769,1252,885
63,41,0.4441240429878235,44,750,111,841
63,39,0.3856072425842285,1325,648,1367,759
63,71,0.27712056040763855,1048,769,1252,884
63,45,0.2560116648674011,1049,769,1252,885
64,41,0.44745561480522156,44,750,111,841
64,39,0.3840216398239136,1325,648,1367,759
64,71,0.27612656354904175,1048,769,1252,884
64,45,0.2581465244293213,1050,769,1252,884
65,41,0.44629788398742676,44,750,111,841
65,39,0.3833085894584656,1325,648,1367,759
65,71,0.2762032449245453,1048,769,1252,884
65,45,0.2587343454360962,1049,769,1252,885
66,41,0.44077250361442566,44,750,111,841
66,39,0.38162824511528015,1325,648,1367,759
66,71,0.2750782072544098,1048,769,1252,884
66,45,0.2558075487613678,1049,769,1252,885
67,41,0.4411808252334595,44,750,111,841
67,39,0.381374329328537,1325,648,1367,759
67,71,0.27665504813194275,1048,769,1252,884
67,45,0.25745779275894165,1049,769,1252,885
68,41,0.44080623984336853,44,750,111,841
68,39,0.3819679617881775,1325,648,1367,759
68,71,0.27399948239326477,1048,769,1252,884
68,45,0.255929559469223,1049,769,1252,885
69,41,0.44116780161857605,44,750,111,841
69,39,0.3798677921295166,1325,648,1367,759
69,71,0.27335086464881897,1048,769,1252,884
69,45,0.2562605142593384,1049,769,1252,885
70,41,0.4416171908378601,44,750,111,841
70,39,0.3760017454624176,1325,648,1367,759
70,71,0.27308890223503113,1048,769,1252,884
70,45,0.2542378604412079,1049,769,1252,884
71,41,0.44340986013412476,44,750,111,841
71,39,0.3783750534057617,1325,648,1367,759
71,71,0.27726462483406067,1048,769,1252,884
71,45,0.25514310598373413,1049,769,1252,885
72,41,0.44318002462387085,44,750,111,841
72,39,0.3785577118396759,1325,648,1367,759
72,71,0.2778141498565674,1048,769,1252,884
72,45,0.2550656497478485,1049,769,1252,885
73,41,0.4442295730113983,44,750,111,841
73,39,0.37862759828567505,1325,648,1367,759
73,71,0.2778172492980957,1048,769,1252,884
73,45,0.25706711411476135,1049,769,1252,885
74,41,0.4432516396045685,44,750,111,841
74,39,0.37979358434677124,1325,648,1367,759
74,71,0.27774661779403687,1048,769,1252,884
74,45,0.2563473582267761,1049,769,1252,885
75,41,0.45005202293395996,44,750,111,841
75,39,0.3780117630958557,1325,648,1367,759
75,71,0.2754782736301422,1048,769,1252,884
75,45,0.2514367997646332,1049,769,1252,885
76,41,0.44985297322273254,44,750,111,841
76,39,0.37864673137664795,1325,648,1367,759
76,71,0.27412623167037964,1048,769,1252,884
76,45,0.2529467046260834,1049,769,1252,885
77,41,0.4510445296764374,44,750,111,841
77,39,0.37887832522392273,1325,648,1367,759
77,71,0.27545398473739624,1048,769,1252,884
77,45,0.2522248923778534,1049,769,1252,885
78,41,0.4408337473869324,44,750,111,841
78,39,0.37396275997161865,1325,648,1367,759
78,71,0.2710920572280884,1048,769,1252,884
78,45,0.2512094974517822,1049,769,1252,885
79,41,0.44429266452789307,44,750,111,841
79,39,0.37545913457870483,1325,648,1367,759
79,71,0.27168169617652893,1048,769,1252,884
79,45,0.25321096181869507,1049,769,1252,885
80,41,0.44886186718940735,44,750,111,841
80,39,0.37629246711730957,1325,648,1367,759
80,71,0.2721240818500519,1048,769,1252,884
80,45,0.2529456615447998,1049,769,1252,885
81,41,0.4445286691188812,44,750,111,841
81,39,0.3759883642196655,1325,648,1367,759
81,71,0.2727464735507965,1048,769,1252,884
81,45,0.25397151708602905,1049,769,1252,885
81,72,0.252041220664978,1,15,1672,1014
82,41,0.44078394770622253,44,750,111,841
82,39,0.3760732114315033,1325,648,1367,759
82,71,0.2724759578704834,1048,769,1252,884
82,72,0.25292065739631653,1,15,1672,1014
82,45,0.25273725390434265,1049,769,1252,885
83,39,0.49190905690193176,1325,648,1368,759
83,41,0.4402684271335602,44,750,111,841
83,39,0.3353610932826996,1375,656,1439,761
83,71,0.3328102231025696,1049,769,1253,885
84,41,0.2939402163028717,44,750,112,846
85,72,0.2591695785522461,1650,178,1918,1068
86,41,0.4360908269882202,45,749,110,840
86,39,0.38963067531585693,1324,648,1368,759
86,71,0.34606635570526123,1049,769,1253,885
87,41,0.4313986599445343,45,749,110,840
87,39,0.3888653814792633,1324,648,1368,759
87,71,0.34127479791641235,1049,769,1253,885
88,39,0.5748378038406372,1324,651,1365,762
88,71,0.44435179233551025,1047,769,1249,886
88,41,0.37725353240966797,44,739,107,831
88,39,0.311404287815094,1373,660,1437,763
88,39,0.2517815828323364,153,740,216,855
89,39,0.42969605326652527,1325,649,1366,760
89,71,0.4113764762878418,1048,770,1252,885
89,41,0.30693110823631287,45,746,110,839
90,41,0.45753470063209534,45,751,113,846
90,39,0.3866378366947174,1325,647,1367,757
90,71,0.35709765553474426,1051,768,1254,883
90,71,0.28821784257888794,1044,753,1501,884
90,72,0.27620524168014526,1651,182,1918,1068
90,46,0.25701484084129333,1060,414,1253,582
91,39,0.3880392014980316,1324,648,1367,758
91,71,0.33913084864616394,1050,768,1254,884
91,41,0.33540451526641846,45,750,111,844
91,46,0.28181391954421997,1061,415,1253,582
91,45,0.2523302435874939,1050,767,1254,884
92,39,0.41582557559013367,1324,648,1367,758
92,71,0.3463841378688812,1050,768,1254,884
92,41,0.326388955116272,45,750,111,844
92,46,0.29600435495376587,1061,415,1253,582
92,45,0.25094354152679443,1050,767,1254,884
93,39,0.38853639364242554,1324,648,1367,759
93,71,0.3874865472316742,1047,769,1253,884
93,46,0.32399284839630127,1056,407,1246,582
93,41,0.28007036447525024,45,749,110,841
94,39,0.4155946969985962,1324,648,1367,759
94,71,0.3993314206600189,1049,769,1253,885
94,46,0.32655206322669983,1056,407,1246,582
95,46,0.6556785702705383,1067,436,1284,598
95,71,0.4363492727279663,1047,769,1253,884
95,39,0.4034138321876526,1324,648,1367,759
96,46,0.6437737345695496,1067,436,1284,598
96,71,0.43393000960350037,1047,769,1253,884
96,39,0.40597429871559143,1324,648,1367,759
97,46,0.6432635188102722,1067,436,1284,598
97,71,0.4337489604949951,1047,769,1253,884
97,39,0.4086073040962219,1324,648,1367,759
98,71,0.33833813667297363,1049,770,1252,884
99,71,0.34415653347969055,1049,770,1253,884
100,39,0.42082855105400085,1324,648,1367,759
100,71,0.4044763147830963,1049,769,1253,885
100,39,0.3338067829608917,1324,650,1369,802
100,39,0.2792004942893982,1375,655,1439,761
101,39,0.4247259795665741,1324,648,1367,759
101,71,0.4010632336139679,1049,769,1253,885
101,39,0.33595478534698486,1324,650,1369,801
101,39,0.280009925365448,1375,655,1439,761
102,39,0.42070290446281433,1324,648,1368,759
102,71,0.40037664771080017,1049,769,1253,885
102,39,0.33418795466423035,1324,650,1369,801
102,39,0.27856260538101196,1375,654,1439,761
103,39,0.38822415471076965,1324,648,1368,759
103,71,0.36984261870384216,1049,769,1253,885
103,39,0.3102555274963379,1324,651,1369,803
104,39,0.40197017788887024,1324,648,1368,759
104,71,0.37016159296035767,1049,769,1253,884
104,39,0.3192235827445984,1324,651,1369,800
104,39,0.2531238794326782,1375,655,1440,761
105,39,0.4551391005516052,1324,648,1367,759
105,79,0.41526272892951965,1574,436,1791,661
105,71,0.3987368643283844,1047,769,1253,884
105,39,0.2853613793849945,1375,655,1439,761
105,72,0.26231905817985535,1586,187,1918,1068
106,39,0.4482201039791107,1324,648,1367,759
106,79,0.4070674777030945,1574,436,1791,661
106,71,0.39286744594573975,1048,769,1253,884
106,39,0.28390419483184814,1375,655,1439,761
106,72,0.2612103819847107,1585,187,1918,1068
106,72,0.2605970501899719,3,15,1696,1010
107,39,0.4450816512107849,1324,648,1367,759
107,79,0.4043786823749542,1574,436,1791,661
107,71,0.39446523785591125,1047,769,1253,884
107,39,0.2809427082538605,1375,655,1439,761
107,72,0.262809693813324,3,15,1696,1011
107,72,0.2607727646827698,1585,187,1918,1068
108,39,0.4405401945114136,1324,648,1367,759
108,71,0.38857418298721313,1047,769,1253,884
108,79,0.3527686297893524,1579,442,1790,662
108,72,0.28613749146461487,1592,187,1918,1069
108,39,0.2772611677646637,1375,655,1439,761
108,72,0.26766231656074524,3,15,1694,1011
109,39,0.41162773966789246,1324,648,1367,759
109,71,0.37224066257476807,1048,769,1254,885
109,79,0.34287965297698975,1579,442,1790,662
109,41,0.30366265773773193,45,750,111,841
109,72,0.2965231239795685,1591,187,1918,1069
109,41,0.2554546594619751,814,717,934,868
110,39,0.3515144884586334,1324,648,1368,759
110,71,0.32894614338874817,1048,769,1254,885
110,72,0.3223007619380951,1566,185,1918,1066
110,41,0.3034953773021698,45,750,111,841
110,41,0.25740891695022583,816,715,952,872
111,77,0.47486209869384766,697,193,1175,846
111,39,0.3390696346759796,1325,648,1367,760
111,41,0.31529879570007324,45,750,110,841
111,72,0.30038130283355713,1565,185,1918,1066
111,39,0.27468615770339966,1324,650,1369,801
112,77,0.4781043231487274,697,193,1175,845
112,39,0.3382062613964081,1325,648,1367,760
112,41,0.31242671608924866,45,750,110,841
112,72,0.3003438413143158,1565,185,1918,1066
112,39,0.27442872524261475,1324,650,1369,802
112,45,0.2503263056278229,1046,770,1253,886
113,77,0.4770202338695526,698,187,1176,850
113,41,0.30815592408180237,45,750,110,841
114,41,0.3254148066043854,45,750,110,841
115,41,0.3216365575790405,45,750,110,841
116,77,0.41394948959350586,727,149,1186,839
116,41,0.32495737075805664,45,750,110,841
116,41,0.27059295773506165,1047,770,1253,885
117,77,0.41566693782806396,727,149,1186,839
117,41,0.3223084509372711,45,750,110,841
117,41,0.2707788348197937,1047,770,1253,885
118,77,0.3592190444469452,727,149,1186,840
118,41,0.3205483853816986,45,750,110,841
119,41,0.3302953243255615,45,750,110,841
119,77,0.2692390978336334,714,161,1164,859
120,41,0.3282700777053833,45,750,110,841
120,77,0.29038071632385254,714,161,1164,860
121,41,0.41201251745224,1044,771,1254,885
121,77,0.3987957537174225,712,186,1162,854
121,41,0.31877124309539795,45,750,110,841
122,41,0.41218331456184387,1045,771,1254,885
122,77,0.3997388780117035,712,186,1162,854
122,41,0.32314562797546387,45,750,110,841
123,41,0.4032023847103119,1044,771,1254,885
123,77,0.39065563678741455,712,186,1162,853
123,41,0.32335105538368225,45,750,110,841
124,41,0.3489713966846466,1047,770,1252,885
124,41,0.3192289173603058,45,750,110,841
124,77,0.2829635441303253,711,182,1157,846
125,41,0.3504321575164795,1047,770,1252,885
125,41,0.31821301579475403,45,750,110,841
125,77,0.31539177894592285,711,180,1157,847
126,77,0.4719732999801636,712,160,1161,849
126,41,0.3964236378669739,1045,771,1254,885
126,41,0.3231657147407532,45,750,110,841
127,77,0.46459272503852844,712,159,1161,849
127,41,0.3965979516506195,1045,771,1254,885
127,41,0.3212336301803589,45,750,110,841
128,45,0.42109963297843933,1046,770,1253,885
128,77,0.4004727303981781,712,155,1160,851
128,39,0.3998755216598511,1325,649,1366,759
128,41,0.3209892511367798,45,750,110,841
128,72,0.30195409059524536,1651,186,1918,1068
128,41,0.25741612911224365,1046,770,1251,885
129,45,0.4875195324420929,1042,770,1253,886
129,39,0.40776193141937256,1325,649,1366,759
129,41,0.30980443954467773,45,750,110,841
129,72,0.3003807067871094,1652,186,1918,1068
130,45,0.5327444076538086,1043,770,1253,886
130,39,0.47506827116012573,1324,648,1367,759
130,39,0.39632681012153625,1324,650,1369,812
130,41,0.3109070658683777,45,750,110,841
130,39,0.29590240120887756,1375,656,1441,761
131,39,0.46144190430641174,1324,648,1367,759
131,39,0.3949839770793915,1324,650,1369,808
131,41,0.35376495122909546,45,750,110,841
131,39,0.2948990762233734,1376,654,1439,761
131,45,0.25144249200820923,1042,770,1254,886
132,39,0.46285712718963623,1324,648,1367,759
132,39,0.3956965208053589,1324,650,1369,809
132,41,0.35364818572998047,45,750,110,841
132,39,0.2967997193336487,1376,654,1439,761
132,45,0.25093260407447815,1042,770,1254,886
133,39,0.43550148606300354,1324,648,1367,759
133,41,0.3541298508644104,45,750,110,841
133,72,0.2951745390892029,1649,186,1918,1066
133,39,0.28196966648101807,1376,656,1441,760
133,45,0.255885511636734,1042,768,1254,886
134,39,0.4014357924461365,1324,648,1367,759
134,33,0.342038631439209,468,121,1182,810
134,41,0.334543913602829,45,750,111,841
135,39,0.4063816964626312,1324,648,1367,759
135,41,0.3341638743877411,45,750,111,841
135,33,0.32444876432418823,468,121,1182,810
136,41,0.35969775915145874,45,750,111,841
136,39,0.32509419322013855,1325,649,1367,759
137,41,0.36054518818855286,45,750,111,841
137,39,0.3244532644748688,1325,649,1367,759
138,41,0.3607989251613617,45,750,111,841
138,39,0.32206669449806213,1325,649,1367,759
139,41,0.35129013657569885,45,750,110,841
139,39,0.33679577708244324,1324,648,1367,759
139,0,0.29161158204078674,466,449,1163,879
140,41,0.3546631932258606,45,750,111,841
140,39,0.3352917432785034,1324,648,1367,759
140,0,0.295462042093277,466,449,1163,878
141,39,0.42684468626976013,1324,648,1367,759
141,41,0.3173610270023346,45,750,111,841
141,39,0.31226494908332825,1376,654,1439,761
141,72,0.30577364563941956,1649,186,1918,1066
142,39,0.4243755340576172,1324,648,1367,759
142,41,0.3176191449165344,45,750,111,841
142,39,0.31062209606170654,1376,654,1439,761
142,72,0.30450236797332764,1649,186,1918,1066
143,39,0.42550233006477356,1324,648,1367,759
143,41,0.3161046802997589,45,750,111,841
143,39,0.31033235788345337,1376,654,1439,761
143,72,0.30400314927101135,1649,186,1918,1066
144,39,0.36715149879455566,1324,648,1367,759
144,41,0.34702789783477783,45,750,111,841
144,45,0.3052186071872711,1046,768,1254,886
144,72,0.27489110827445984,1649,186,1918,1066
145,39,0.3679177165031433,1324,648,1367,759
145,41,0.34888502955436707,45,750,111,841
145,45,0.3050835430622101,1046,768,1254,886
145,72,0.2737855613231659,1649,186,1918,1066
146,39,0.3871136009693146,1324,648,1367,759
146,33,0.3504037857055664,533,347,1088,869
146,41,0.32819849252700806,45,750,111,841
146,72,0.2890852689743042,1649,186,1918,1066
147,39,0.38466376066207886,1324,648,1367,759
147,33,0.34858039021492004,533,347,1088,869
147,41,0.3280050456523895,45,750,111,841
147,72,0.28835299611091614,1649,186,1918,1066
148,39,0.3854348957538605,1324,648,1367,759
148,33,0.3392837643623352,533,346,1088,869
148,41,0.3265449106693268,45,750,111,841
148,72,0.28437915444374084,1649,186,1918,1066
149,39,0.4012642204761505,1324,648,1367,759
149,41,0.357085645198822,45,750,111,841
150,39,0.39724764227867126,1324,648,1367,759
150,41,0.356591135263443,45,750,111,841
151,41,0.33011990785598755,45,750,111,841
151,39,0.3236846327781677,1325,648,1366,759
151,45,0.27247223258018494,1051,770,1252,886
152,41,0.3304157257080078,45,750,111,841
152,39,0.328239768743515,1325,648,1366,759
152,45,0.2775845229625702,1051,770,1252,886
153,39,0.33688411116600037,1325,648,1366,759
153,41,0.3292063772678375,45,750,111,841
153,45,0.2707321345806122,1051,770,1253,886
154,39,0.40695929527282715,1325,649,1366,759
154,41,0.34804651141166687,45,750,111,841
154,0,0.27512088418006897,780,325,1269,882
155,39,0.4042143225669861,1325,649,1366,759
155,41,0.3491721749305725,45,750,111,841
155,0,0.28710076212882996,780,327,1269,882
156,0,0.46188074350357056,596,176,1184,875
156,39,0.3992006778717041,1324,648,1367,759
156,72,0.31825169920921326,1649,186,1918,1066
156,41,0.2677079439163208,45,750,110,841
156,39,0.2598555088043213,1376,654,1439,761
157,0,0.46264198422431946,596,176,1184,874
157,39,0.400078684091568,1324,648,1367,759
157,72,0.31722381711006165,1649,186,1918,1066
157,41,0.26687946915626526,45,750,110,841
157,39,0.2597423791885376,1376,654,1439,761
158,0,0.46936896443367004,596,176,1184,875
158,39,0.4006175696849823,1324,648,1367,759
158,72,0.31757795810699463,1650,186,1918,1066
158,41,0.26843589544296265,45,750,110,841
158,39,0.2615343928337097,1376,654,1439,761
159,0,0.5636002421379089,509,141,1084,878
159,39,0.43070730566978455,1324,648,1367,759
159,72,0.29940375685691833,1649,186,1918,1066
159,39,0.2534134089946747,1376,654,1439,761
160,0,0.557043731212616,509,141,1084,878
160,39,0.4270530939102173,1324,648,1367,759
160,72,0.2955068051815033,1649,186,1918,1066
160,39,0.2511969804763794,1376,654,1439,761
161,77,0.575113832950592,433,174,969,870
161,39,0.4194454252719879,1324,649,1367,759
161,41,0.29726722836494446,45,750,111,841
161,72,0.2882794141769409,1649,186,1918,1066
162,77,0.5714931488037109,433,181,970,870
162,39,0.41777119040489197,1324,649,1367,759
162,41,0.2948325276374817,45,750,111,841
162,72,0.29365307092666626,1649,186,1918,1066
163,77,0.5820674896240234,433,185,971,869
163,39,0.41966256499290466,1324,649,1367,759
163,41,0.2938278913497925,45,750,111,841
163,72,0.2927011251449585,1649,186,1918,1066
164,39,0.46994253993034363,1324,648,1367,759
164,0,0.41053998470306396,307,249,942,878
164,41,0.3376683294773102,45,750,111,841
164,45,0.3242039978504181,1050,769,1253,886
164,72,0.29024261236190796,1649,186,1918,1066
164,39,0.26261767745018005,1376,654,1439,761
165,39,0.46881183981895447,1324,648,1367,759
165,0,0.398158460855484,307,250,942,878
165,41,0.3356855809688568,45,750,111,841
165,45,0.3301903009414673,1050,769,1253,886
165,72,0.28677764534950256,1649,186,1918,1066
165,39,0.26224789023399353,1376,654,1439,761
166,39,0.4313945174217224,1324,648,1367,759
166,45,0.3847121000289917,1049,768,1253,885
166,41,0.3450820744037628,45,750,111,841
166,72,0.2885093688964844,1649,186,1918,1066
166,39,0.2759738564491272,1376,654,1439,761
167,39,0.42987045645713806,1324,648,1367,759
167,45,0.3845003843307495,1049,768,1253,885
167,41,0.34338775277137756,45,750,111,841
167,72,0.291061133146286,1649,186,1918,1066
167,39,0.2763158082962036,1376,654,1439,761
168,39,0.4284096956253052,1324,648,1367,759
168,45,0.38414913415908813,1049,769,1253,885
168,41,0.3415130376815796,45,750,111,841
168,72,0.28617605566978455,1649,186,1918,1066
168,39,0.27631255984306335,1376,654,1439,761
169,39,0.44018059968948364,1324,648,1367,759
169,45,0.318806529045105,1049,768,1254,886
169,72,0.2928347885608673,1649,186,1918,1066
169,39,0.2845178544521332,1376,654,1439,761
169,41,0.2682453393936157,45,750,111,841
170,39,0.4394082725048065,1324,648,1367,759
170,45,0.3192533850669861,1049,768,1254,886
170,72,0.2907833755016327,1649,186,1918,1066
170,39,0.28500285744667053,1376,654,1439,761
170,41,0.2674304246902466,45,750,111,841
171,39,0.43255966901779175,1324,648,1367,759
171,45,0.2993610203266144,1048,768,1255,886
171,41,0.29238420724868774,45,750,111,841
172,39,0.4324452877044678,1324,648,1367,759
172,45,0.29952916502952576,1048,768,1254,886
172,41,0.290934681892395,45,750,111,841
173,39,0.4326254725456238,1324,648,1367,759
173,45,0.30070188641548157,1048,768,1254,886
173,41,0.28939998149871826,45,750,111,841
174,39,0.48405006527900696,1324,648,1368,759
174,0,0.3486415445804596,504,141,1384,814
174,39,0.31798848509788513,1376,654,1439,761
174,41,0.30707502365112305,45,750,111,841
175,39,0.4842071533203125,1324,648,1368,759
175,0,0.35183262825012207,504,141,1382,814
175,39,0.31908947229385376,1376,654,1439,761
175,41,0.30719855427742004,45,750,111,841
176,39,0.43656694889068604,1324,648,1367,759
176,41,0.31672942638397217,45,750,111,841
176,39,0.31265532970428467,1376,653,1439,761
177,39,0.4368434250354767,1324,648,1367,759
177,41,0.3179126977920532,45,750,111,841
177,39,0.31387490034103394,1376,653,1439,761
178,39,0.43681585788726807,1324,648,1367,759
178,41,0.3163568675518036,45,750,111,841
178,39,0.31206512451171875,1376,653,1439,761
179,41,0.34429702162742615,45,750,111,841
180,41,0.3447093963623047,45,750,111,841
181,41,0.33646976947784424,45,750,111,841
182,41,0.3359620273113251,45,750,111,841
183,41,0.3367038071155548,45,750,111,841
184,41,0.46170464158058167,1048,771,1252,885
184,41,0.3338560163974762,45,750,111,841
184,33,0.32562607526779175,870,215,1472,737
184,33,0.31506067514419556,879,215,1424,565
185,41,0.4629141390323639,1048,771,1252,885
185,41,0.33276164531707764,45,750,111,841
185,33,0.32902929186820984,869,215,1471,737
185,33,0.3156317174434662,879,215,1424,565
186,41,0.3343738913536072,45,750,111,841
187,41,0.33352944254875183,45,750,111,841
188,41,0.3350074291229248,45,750,111,841
189,0,0.5019831657409668,1114,195,1607,877
189,41,0.3360666334629059,45,750,111,841
189,0,0.2550237476825714,1113,199,1836,885
190,0,0.5087489485740662,1114,196,1607,877
190,41,0.3341468870639801,45,750,111,841
190,0,0.26296529173851013,1113,201,1830,884
191,41,0.36606529355049133,45,750,111,841
191,72,0.2700713276863098,0,13,1661,1040
192,41,0.36517223715782166,45,750,111,841
192,72,0.27070459723472595,0,13,1660,1039
193,41,0.3667443096637726,45,750,111,841
193,72,0.272551953792572,0,14,1659,1039
194,72,0.7529762983322144,1659,186,1918,1069
194,45,0.6775477528572083,1049,769,1252,885
194,39,0.43489861488342285,1325,648,1367,759
194,41,0.3658452332019806,45,750,111,841
194,39,0.32125455141067505,1374,656,1441,760
195,72,0.7511835694313049,1659,186,1918,1069
195,45,0.6774583458900452,1049,769,1252,885
195,39,0.44009533524513245,1325,648,1367,759
195,41,0.3656693398952484,45,750,111,841
195,39,0.3164578676223755,1375,656,1441,760
196,72,0.4039773643016815,1650,187,1918,1067
196,41,0.36639443039894104,45,750,111,841
196,45,0.34416377544403076,1049,770,1252,885
196,72,0.31132644414901733,2,16,1678,1027
197,72,0.3936053216457367,1650,187,1918,1067
197,41,0.36550647020339966,45,750,111,841
197,45,0.3418457806110382,1049,770,1252,885
197,72,0.3196498155593872,2,16,1677,1027
198,72,0.38964906334877014,1650,187,1918,1067
198,41,0.3660486042499542,45,750,111,841
198,45,0.33695560693740845,1049,770,1252,885
198,72,0.31693488359451294,2,16,1677,1026
199,72,0.46460026502609253,7,25,1694,993
199,39,0.38838574290275574,1324,650,1365,761
199,72,0.3539038598537445,1647,193,1918,1066
199,39,0.33889061212539673,1323,652,1367,819
199,39,0.31938818097114563,1374,656,1438,762
199,41,0.2889449894428253,46,744,110,836
199,39,0.2676028907299042,154,742,219,861
200,41,0.36735212802886963,45,754,111,848
200,72,0.3062947988510132,1,15,1670,1016
200,39,0.3043346405029297,1325,646,1367,757
200,45,0.29109129309654236,1007,744,1202,865
200,72,0.2860545217990875,1653,181,1918,1070
201,39,0.4704081416130066,1325,648,1366,759
201,72,0.4177360236644745,4,5,1673,1055
201,41,0.35903412103652954,44,750,110,840
201,71,0.2983327805995941,978,742,1175,878
201,72,0.2686321437358856,1649,186,1918,1066
201,45,0.2600806951522827,978,742,1175,876
202,39,0.4711051285266876,1325,648,1366,759
202,72,0.41299504041671753,4,5,1671,1055
202,41,0.3692474961280823,44,750,110,841
202,71,0.2903800308704376,978,742,1175,878
202,45,0.2616153955459595,978,742,1175,876
202,72,0.2566598355770111,1648,186,1918,1066
203,39,0.4720315635204315,1325,648,1366,759
203,72,0.4114147126674652,4,5,1671,1056
203,41,0.36415666341781616,44,750,110,841
203,71,0.2896870970726013,978,742,1175,878
203,45,0.2614467442035675,978,742,1175,876
204,39,0.4842420220375061,1324,648,1367,759
204,41,0.41987231373786926,44,750,111,841
204,72,0.3640146255493164,8,6,1687,1041
204,45,0.29569515585899353,945,758,1142,886
204,39,0.29321181774139404,1375,654,1440,761
205,39,0.4914582073688507,1324,648,1367,759
205,41,0.4199073314666748,44,750,111,841
205,72,0.3579827547073364,9,6,1687,1041
205,45,0.29614758491516113,945,758,1142,886
205,39,0.2929515838623047,1375,653,1440,761
206,45,0.5446397066116333,939,754,1137,885
206,39,0.54365074634552,1325,648,1366,759
206,41,0.41100457310676575,44,750,111,840
206,39,0.3265542685985565,1375,654,1440,760
206,72,0.2696444094181061,5,14,1700,1034
206,39,0.2669357657432556,1057,681,1118,757
207,45,0.5436410903930664,939,754,1137,885
207,39,0.5432915091514587,1325,648,1366,759
207,41,0.4087020456790924,44,750,111,840
207,39,0.3235066831111908,1375,654,1440,760
207,72,0.2861875593662262,5,14,1699,1032
207,39,0.2682996094226837,1057,681,1118,757
208,45,0.5464344620704651,939,754,1137,885
208,39,0.5435780882835388,1324,648,1366,759
208,41,0.415874719619751,44,750,111,840
208,39,0.3211642801761627,1375,654,1440,760
208,72,0.29646146297454834,6,14,1699,1035
208,39,0.2863125503063202,1057,681,1119,757
209,45,0.7507414817810059,958,763,1156,887
209,39,0.5593673586845398,1324,648,1366,759
209,39,0.43914979696273804,1323,649,1368,803
209,41,0.4090423583984375,44,750,111,841
209,39,0.3803738057613373,1375,653,1440,761
209,72,0.3201986253261566,1650,185,1918,1066
209,39,0.30757272243499756,1057,680,1117,763
210,45,0.747704029083252,958,763,1156,887
210,39,0.55982905626297,1324,648,1366,759
210,39,0.44256168603897095,1323,649,1368,799
210,41,0.39598700404167175,44,750,111,841
210,39,0.38689950108528137,1375,653,1440,761
210,72,0.32628798484802246,1650,185,1918,1066
210,39,0.31060153245925903,1057,680,1117,763
211,45,0.7192680835723877,962,767,1165,887
211,39,0.5413901805877686,1324,648,1366,759
211,39,0.4293252229690552,1323,649,1369,809
211,41,0.4270094335079193,44,750,111,841
211,39,0.37561216950416565,1375,653,1439,761
211,72,0.3068561553955078,1649,185,1918,1066
211,39,0.30608490109443665,1057,681,1118,760
211,72,0.2796993553638458,3,16,1676,1043
212,45,0.7190697193145752,962,767,1165,887
212,39,0.5405475497245789,1324,648,1366,759
212,39,0.430426687002182,1323,649,1369,809
212,41,0.4217664301395416,44,750,111,841
212,39,0.3744133412837982,1375,653,1440,761
212,39,0.3061571419239044,1057,681,1118,760
212,72,0.3035629987716675,1649,185,1918,1066
212,72,0.27665236592292786,3,16,1676,1043
213,45,0.7181951999664307,962,767,1165,887
213,39,0.5454338788986206,1325,648,1366,760
213,39,0.43469732999801636,1323,649,1369,810
213,41,0.4294895529747009,44,750,111,841
213,39,0.37313562631607056,1375,653,1440,761
213,72,0.2998320460319519,1649,185,1918,1066
213,39,0.2984820604324341,1057,681,1118,760
213,72,0.26531869173049927,3,16,1675,1044
214,45,0.6973422169685364,960,771,1163,887
214,39,0.5707385540008545,1325,648,1366,759
214,41,0.45195361971855164,44,750,111,841
214,39,0.3952822983264923,1375,654,1440,761
214,72,0.3166995942592621,1650,185,1918,1066
214,39,0.25881752371788025,537,730,596,874
215,45,0.7009707093238831,960,771,1163,887
215,39,0.5739229917526245,1325,648,1366,759
215,41,0.4477604329586029,44,750,111,841
215,39,0.39859673380851746,1375,654,1440,761
215,72,0.31058716773986816,1650,185,1918,1066
215,39,0.2555648684501648,537,730,596,873
216,45,0.5282275080680847,962,776,1159,887
216,39,0.5102293491363525,1325,648,1367,759
216,39,0.42521044611930847,1324,650,1368,810
216,41,0.41435566544532776,44,750,111,841
216,72,0.40407609939575195,2,15,1700,1035
216,39,0.3536660671234131,1375,654,1440,761
216,72,0.29894188046455383,1649,185,1918,1066
217,45,0.5311134457588196,962,776,1160,886
217,39,0.518894374370575,1324,648,1366,759
217,39,0.4240185022354126,1324,649,1368,811
217,41,0.41750919818878174,44,750,111,841
217,72,0.40355491638183594,2,15,1700,1035
217,39,0.34648096561431885,1375,654,1440,761
217,72,0.2884310781955719,1649,185,1918,1066
218,45,0.5223454236984253,962,776,1159,887
218,39,0.5061098337173462,1324,648,1367,759
218,41,0.4438253343105316,44,750,111,841
218,39,0.41682881116867065,1324,650,1368,810
218,72,0.38746193051338196,2,15,1700,1032
218,39,0.34007003903388977,1375,656,1441,760
218,72,0.2814958691596985,1649,185,1918,1066
219,39,0.4913092255592346,1324,648,1367,759
219,41,0.451128214597702,44,750,111,841
219,72,0.3330548107624054,4,14,1703,1026
219,39,0.30776214599609375,1375,657,1441,760
219,72,0.27768564224243164,1651,186,1918,1069
220,39,0.4923318326473236,1324,648,1366,759
220,41,0.44765782356262207,45,750,111,841
220,72,0.3361916244029999,4,15,1701,1027
220,39,0.30951935052871704,1375,657,1441,760
220,72,0.2715756893157959,1651,186,1918,1069
221,45,0.478180855512619,969,734,1168,864
221,39,0.46489304304122925,1324,648,1366,759
221,41,0.4636196196079254,45,750,112,841
221,72,0.29717445373535156,1649,186,1918,1066
222,45,0.4739428162574768,969,734,1168,864
222,41,0.45742085576057434,45,750,112,841
222,39,0.45442652702331543,1324,648,1366,759
222,72,0.3035696744918823,1649,185,1918,1066
223,45,0.47138282656669617,969,734,1168,864
223,39,0.45491939783096313,1324,648,1366,759
223,41,0.45436784625053406,45,750,112,841
223,72,0.297250360250473,1649,185,1918,1066
224,41,0.4568980634212494,45,750,111,841
224,39,0.2715279459953308,1325,648,1366,764
224,72,0.2525235414505005,4,17,1687,1075
225,41,0.4701696038246155,45,750,111,841
225,39,0.2684814929962158,1324,649,1366,764
225,72,0.25457829236984253,5,17,1687,1075
226,41,0.4669480621814728,45,750,111,841
226,45,0.463442862033844,1006,765,1212,886
226,72,0.35807132720947266,5,11,1723,1056
227,41,0.467143177986145,45,750,111,841
227,45,0.4632470905780792,1006,765,1212,886
227,72,0.35316652059555054,5,11,1723,1055
228,41,0.4655323922634125,45,750,111,841
228,45,0.4578816592693329,1006,765,1212,886
228,72,0.35665449500083923,5,11,1723,1054
229,41,0.4464629292488098,45,750,111,841
229,45,0.4215497076511383,994,766,1216,886
229,72,0.41326114535331726,4,12,1716,1055
230,41,0.4465271830558777,45,750,111,841
230,45,0.4193260669708252,994,766,1216,886
230,72,0.40453431010246277,4,13,1712,1055
231,72,0.45016980171203613,2,10,1695,1073
231,41,0.4460775554180145,45,750,111,841
231,45,0.306771457195282,1014,766,1214,886
232,41,0.44716763496398926,45,750,111,841
232,72,0.44233444333076477,2,10,1695,1073
232,45,0.30117103457450867,1014,766,1214,886
233,41,0.4426627457141876,45,750,111,841
233,72,0.4346344769001007,2,10,1695,1073
233,45,0.29698944091796875,1013,766,1214,886
234,72,0.588115930557251,1,11,1683,1061
234,41,0.4436971843242645,45,750,111,841
235,72,0.5815010666847229,1,11,1684,1062
235,41,0.44085893034935,45,750,111,841
236,72,0.6205890774726868,0,12,1678,1067
236,41,0.44631868600845337,45,750,111,841
237,72,0.6184001564979553,0,12,1679,1067
237,41,0.4463096261024475,45,750,111,841
238,72,0.6191489100456238,0,11,1679,1067
238,41,0.44620847702026367,45,750,111,841
239,72,0.5535154342651367,0,12,1669,1068
239,41,0.45434892177581787,45,750,111,841
239,45,0.3674083948135376,1002,766,1213,886
240,72,0.5583754181861877,0,12,1667,1068
240,41,0.45395293831825256,44,750,111,841
240,45,0.3880445063114166,1005,766,1213,887
241,45,0.553641676902771,1009,766,1213,886
241,41,0.4562360942363739,44,751,112,841
242,45,0.5622723698616028,1009,766,1213,886
242,41,0.45516523718833923,44,751,112,841
242,39,0.25194936990737915,537,730,595,875
243,45,0.536888837814331,1009,767,1213,889
243,41,0.454959511756897,44,752,112,844
244,45,0.4370450973510742,1008,771,1211,895
244,41,0.39269551634788513,44,755,111,849
245,45,0.4516826272010803,1010,774,1211,898
245,41,0.4404235780239105,45,758,111,851
245,72,0.28144127130508423,0,10,1701,1058
246,72,0.41934141516685486,0,13,1690,1056
246,72,0.3926115036010742,1646,200,1918,1067
246,41,0.36870869994163513,45,764,112,858
246,39,0.365186870098114,1325,663,1367,774
247,72,0.41842395067214966,0,13,1691,1057
247,72,0.3906063735485077,1646,200,1918,1067
247,41,0.37005263566970825,45,764,112,858
247,39,0.36495450139045715,1325,663,1367,774
248,72,0.31976720690727234,1647,203,1918,1067
248,72,0.27789780497550964,0,13,1699,1007
248,41,0.260105162858963,46,771,111,863
249,39,0.31410735845565796,1325,676,1365,786
249,41,0.3004331588745117,45,776,112,868
249,72,0.2870107889175415,1,17,1674,1076
249,39,0.2751668691635132,539,751,595,899
250,39,0.3728761374950409,1324,683,1367,792
251,45,0.34574201703071594,1010,809,1212,929
252,45,0.3468942940235138,1010,809,1212,929
256,41,0.3110559582710266,45,824,111,915
257,41,0.31493696570396423,45,824,111,915
258,41,0.4502324163913727,46,833,110,924
259,41,0.4252159595489502,45,843,111,936
260,39,0.3703596591949463,1325,752,1368,862
260,41,0.33307313919067383,44,852,111,947
261,41,0.2895922362804413,46,864,111,957
262,41,0.2883981764316559,46,864,111,957
263,75,0.4231746792793274,792,2,1327,1014
263,39,0.2733455002307892,1325,772,1367,883
264,75,0.5933124423027039,947,224,1339,1012
264,75,0.35551875829696655,644,300,1033,999
264,41,0.25271034240722656,46,883,110,979
265,75,0.589785635471344,949,235,1338,1001
266,41,0.2509095370769501,45,906,111,998
268,75,0.2698863744735718,947,81,1336,978
269,41,0.27510178089141846,45,929,110,1021
269,75,0.27241888642311096,947,0,1338,1002
270,75,0.31965625286102295,944,0,1337,1003
270,41,0.25353965163230896,44,943,111,1034
273,0,0.2985256016254425,645,443,999,1071
274,0,0.5641692876815796,639,343,970,1069
275,0,0.5017963647842407,641,355,979,1074
275,75,0.28001168370246887,941,0,1334,1055
276,0,0.7932511568069458,572,33,1165,1075
277,0,0.7936551570892334,572,33,1165,1075
278,0,0.8287994265556335,574,47,1163,1074
279,33,0.4712037146091461,532,0,1238,1027
280,33,0.5100896954536438,526,1,1230,1030
283,0,0.256572961807251,646,1,1172,1038
286,33,0.4497204124927521,561,0,1223,1055
287,33,0.4484059810638428,561,0,1223,1055
288,33,0.43960124254226685,419,770,1491,1073
288,25,0.27710601687431335,5,4,1820,525
289,33,0.3116455078125,443,778,1481,1068
289,25,0.2513276934623718,5,3,1856,536
290,33,0.5127032995223999,453,788,1482,1069
290,25,0.280974417924881,5,4,1803,519
291,33,0.3661330044269562,454,797,1498,1075
291,25,0.26584139466285706,0,3,1833,534
292,33,0.36427563428878784,454,797,1498,1075
292,25,0.265001118183136,0,3,1832,534
293,33,0.37386801838874817,456,807,1501,1074
294,33,0.6358563899993896,460,810,1468,1071
294,33,0.39220693707466125,868,426,905,465
295,33,0.5810906887054443,461,812,1462,1072
296,33,0.6396710276603699,884,592,919,632
296,33,0.5985017418861389,448,818,1463,1071
296,33,0.3288800120353699,6,14,1800,542
297,33,0.6390511393547058,884,592,919,632
297,33,0.6004062294960022,460,813,1465,1071
297,33,0.32598450779914856,7,14,1800,542
298,33,0.6468026041984558,884,592,919,632
298,33,0.6193613409996033,448,818,1463,1071
298,33,0.3015405833721161,4,6,1798,522
299,33,0.40525496006011963,460,817,1473,1071
299,33,0.3798799514770508,887,719,935,772
300,33,0.387325257062912,460,817,1471,1071
300,33,0.32774850726127625,887,719,935,772
301,33,0.7227504849433899,970,651,1020,731
301,33,0.46623560786247253,450,819,1463,1070
302,33,0.7214784026145935,970,652,1020,731
302,33,0.47411802411079407,450,819,1463,1070
303,33,0.6939280033111572,970,652,1020,731
303,33,0.4509560167789459,450,818,1463,1070
304,33,0.6177529096603394,460,813,1465,1069
304,33,0.438653826713562,975,505,992,534
304,33,0.3282642066478729,6,5,1855,535
304,33,0.26905304193496704,901,531,927,555
304,33,0.26726600527763367,970,503,992,534
305,33,0.585326611995697,460,813,1465,1069
305,33,0.46065783500671387,975,505,992,534
305,33,0.30296793580055237,901,531,927,555
305,33,0.2659569978713989,5,3,1857,521
305,33,0.25403425097465515,970,502,993,534
306,33,0.511816680431366,462,812,1462,1071
306,33,0.26699963212013245,906,713,927,734
307,33,0.5165073275566101,462,812,1462,1071
307,33,0.26883453130722046,906,713,927,734
308,33,0.5296632647514343,462,812,1462,1071
308,33,0.2700778543949127,906,713,927,734
309,33,0.4423442780971527,450,816,1463,1072
310,33,0.47938278317451477,459,812,1470,1074
311,33,0.4802413582801819,459,812,1471,1074
312,33,0.47935613989830017,459,812,1470,1074
313,33,0.46513548493385315,460,814,1463,1071
313,33,0.42054733633995056,913,336,1167,541
314,33,0.46973761916160583,460,814,1463,1071
314,33,0.4540836215019226,913,336,1167,541
328,33,0.7235544323921204,1,555,495,1071
329,33,0.7190015316009521,1,554,495,1071
349,25,0.29741862416267395,1,939,462,1080
350,25,0.29837438464164734,1,939,462,1080
351,33,0.4850320518016815,5,499,1501,1066
351,33,0.30542999505996704,2,504,914,1074
352,33,0.4968102276325226,5,499,1503,1066
352,33,0.307668536901474,2,504,913,1074
353,33,0.49220266938209534,5,499,1501,1066
353,33,0.31139886379241943,2,504,914,1074
354,33,0.8957099914550781,0,194,1221,1079
355,33,0.8948644399642944,0,194,1221,1079
356,33,0.8886761665344238,14,0,1275,1080
357,33,0.8888542056083679,14,0,1275,1080
358,33,0.8824707269668579,14,0,1274,1080
359,33,0.8690747022628784,41,0,1266,1077
359,33,0.27504032850265503,473,700,1465,1064
359,33,0.2587369978427887,889,692,1154,881
360,33,0.8723092079162598,41,0,1266,1077
360,33,0.2682194113731384,473,700,1465,1064
360,33,0.25800928473472595,889,692,1154,881
361,33,0.8892898559570312,24,2,1225,1077
361,33,0.25088930130004883,475,700,1466,1064
362,33,0.8893668055534363,24,2,1225,1077
362,33,0.2525971531867981,475,700,1466,1064
363,33,0.8862960934638977,24,2,1226,1077
363,33,0.2556471526622772,475,700,1466,1064
364,33,0.9339000582695007,36,2,1230,1078
364,33,0.319410502910614,889,692,1154,883
365,33,0.9326452612876892,36,1,1230,1078
365,33,0.3225799798965454,889,692,1154,883
366,39,0.5514025688171387,9,440,60,595
366,45,0.5398145318031311,1399,896,1688,1017
366,75,0.3762139081954956,1346,18,1817,1009
367,39,0.5467044711112976,9,440,60,595
367,45,0.5352703928947449,1399,896,1688,1017
367,75,0.37576353549957275,1346,18,1817,1009
368,39,0.5476896166801453,9,440,60,595
368,45,0.525791347026825,1399,896,1688,1017
368,75,0.38148126006126404,1346,18,1817,1010
369,39,0.5460261702537537,9,440,60,595
369,45,0.5258916616439819,1399,896,1688,1017
369,75,0.38381946086883545,1346,18,1817,1010
370,39,0.5448846817016602,9,440,60,595
370,45,0.5377382040023804,1399,896,1688,1017
370,75,0.4036843776702881,1346,17,1816,1010
371,39,0.541537344455719,9,440,60,595
371,45,0.5383123159408569,1399,896,1688,1017
371,75,0.40233707427978516,1346,17,1816,1010
372,39,0.54218590259552,9,440,60,595
372,45,0.5378231406211853,1399,896,1688,1017
372,75,0.4036802351474762,1346,17,1816,1010
373,45,0.5735259056091309,1399,897,1688,1017
373,39,0.5319703221321106,9,440,60,595
373,75,0.3097962439060211,1345,18,1816,1008
374,45,0.5727086663246155,1399,897,1688,1017
374,39,0.5423599481582642,9,440,60,595
374,75,0.3105941116809845,1345,19,1817,1008
375,39,0.5525879859924316,9,440,60,595
375,45,0.5306804180145264,1399,896,1688,1017
375,77,0.3816097378730774,763,9,1303,1038
375,75,0.37426793575286865,1345,20,1816,1009
375,39,0.2589765191078186,58,473,136,597
376,39,0.5527207851409912,9,440,60,595
376,45,0.5243193507194519,1399,896,1688,1017
376,77,0.38280773162841797,763,9,1303,1038
376,75,0.37825697660446167,1345,20,1816,1009
376,39,0.2590077817440033,58,473,136,597
377,39,0.5535537004470825,9,440,60,595
377,45,0.5223682522773743,1399,896,1688,1017
377,77,0.38554680347442627,763,9,1303,1038
377,75,0.3736119866371155,1345,20,1816,1009
377,39,0.25927093625068665,58,473,136,597
378,39,0.5094531774520874,9,441,60,595
378,75,0.46631842851638794,1331,4,1815,1017
378,45,0.4098656475543976,1397,897,1688,1017
379,39,0.5161429047584534,9,440,60,595
379,75,0.4656459093093872,1331,4,1815,1017
379,45,0.4114742875099182,1397,897,1688,1017
380,39,0.5282865762710571,9,440,60,595
380,45,0.4779990613460541,1398,896,1689,1017
380,39,0.2524058520793915,58,473,136,597
381,39,0.5277624726295471,9,440,60,595
381,45,0.4769173562526703,1398,896,1689,1017
381,39,0.2562219798564911,58,473,136,597
381,75,0.2506968379020691,1346,17,1817,1009
382,39,0.5277595520019531,9,440,60,595
382,45,0.4782831370830536,1398,896,1689,1017
382,39,0.2558016777038574,58,473,136,597
382,75,0.25102895498275757,1346,17,1817,1009
383,39,0.5332151055335999,9,440,60,595
383,45,0.44167548418045044,1398,896,1688,1017
383,75,0.39792150259017944,1345,17,1816,1010
383,39,0.3319733440876007,1037,71,1093,240
383,39,0.26108187437057495,58,474,136,597
384,39,0.5323064923286438,9,440,60,595
384,45,0.4406565725803375,1399,896,1688,1017
384,75,0.3969424068927765,1345,18,1816,1010
384,39,0.33994585275650024,1037,71,1093,240
384,39,0.2591444253921509,58,474,136,597
385,39,0.5335787534713745,1038,72,1092,239
385,39,0.49810487031936646,9,441,60,595
385,45,0.48307305574417114,1398,896,1688,1017
385,75,0.37521517276763916,1347,18,1816,1010
385,39,0.3315858542919159,1086,87,1134,244
386,39,0.527563750743866,1038,72,1092,239
386,39,0.5138838887214661,9,441,60,595
386,45,0.49047181010246277,1398,896,1688,1017
386,75,0.3744758665561676,1347,18,1816,1009
386,39,0.3254498839378357,1086,87,1134,244
387,39,0.5193299651145935,1038,72,1092,239
387,39,0.5100101828575134,9,441,60,595
387,45,0.4910432696342468,1398,896,1688,1017
387,75,0.3761765658855438,1347,18,1816,1009
387,39,0.31438031792640686,1086,87,1134,244
388,39,0.4955812096595764,1038,72,1093,239
388,45,0.4878307580947876,1399,896,1688,1017
388,39,0.4697483777999878,9,441,60,595
388,75,0.35502442717552185,1348,19,1816,1009
388,39,0.29753416776657104,1086,87,1134,244
389,39,0.5085194706916809,1038,72,1093,239
389,45,0.49157410860061646,1399,896,1688,1017
389,39,0.47157934308052063,9,441,60,595
389,75,0.35168886184692383,1348,19,1816,1009
389,39,0.3086535930633545,1086,87,1134,244
390,39,0.5376631617546082,1038,72,1092,239
390,45,0.49442800879478455,1398,896,1688,1017
390,39,0.48561331629753113,9,441,60,595
390,75,0.3774263858795166,1348,19,1816,1009
390,39,0.3344878852367401,1086,87,1134,244
390,72,0.25881123542785645,158,0,1888,1034
391,39,0.5412933826446533,1038,72,1092,239
391,45,0.49370861053466797,1398,896,1688,1017
391,39,0.488452672958374,9,441,60,595
391,75,0.3779580593109131,1348,19,1816,1009
391,39,0.34056949615478516,1086,87,1134,244
391,72,0.2643973231315613,160,0,1888,1035
392,39,0.542057454586029,1038,72,1092,239
392,45,0.49262842535972595,1398,896,1688,1017
392,39,0.49064943194389343,9,441,60,595
392,75,0.3772265315055847,1348,19,1816,1009
392,39,0.3395693302154541,1086,87,1134,244
392,72,0.2625787854194641,159,0,1888,1035
393,39,0.557392418384552,1037,72,1093,240
393,39,0.49088406562805176,9,441,60,595
393,45,0.4805617034435272,1398,895,1688,1017
393,75,0.3826204836368561,1347,19,1816,1009
393,39,0.3557290732860565,1086,86,1134,244
394,39,0.5557977557182312,1037,72,1093,240
394,39,0.49833959341049194,9,441,60,595
394,45,0.48208916187286377,1398,895,1688,1017
394,75,0.3895764648914337,1347,19,1816,1009
394,39,0.35769540071487427,1086,86,1134,244
395,39,0.5441888570785522,1038,72,1093,240
395,39,0.5249567031860352,9,441,60,595
395,45,0.4560486972332001,1398,895,1688,1017
395,75,0.3660971522331238,1348,19,1817,1010
395,39,0.34035149216651917,1086,86,1134,244
395,72,0.27317580580711365,93,0,1877,1040
395,39,0.26196226477622986,59,473,135,597
396,39,0.5455408096313477,1038,72,1093,240
396,39,0.5216180086135864,9,441,60,595
396,45,0.45629602670669556,1398,895,1688,1017
396,75,0.3654027283191681,1348,19,1817,1010
396,39,0.34299230575561523,1086,86,1134,244
396,72,0.27000194787979126,93,0,1877,1040
396,39,0.25781339406967163,59,473,135,597
397,39,0.5435616970062256,1038,72,1093,240
397,39,0.5274263620376587,9,441,60,595
397,45,0.4548531770706177,1398,895,1688,1017
397,75,0.3667263984680176,1348,19,1817,1010
397,39,0.3413853347301483,1086,86,1134,244
397,72,0.2741473317146301,91,0,1877,1040
397,39,0.26699212193489075,59,474,135,597
398,39,0.5496729016304016,1038,71,1092,239
398,39,0.5280683636665344,9,441,60,595
398,45,0.5148669481277466,1398,896,1688,1017
398,72,0.36761295795440674,57,0,1884,1042
398,75,0.3427031934261322,1347,19,1816,1008
398,39,0.32461243867874146,1086,85,1134,244
398,39,0.26445871591567993,59,474,136,597
399,39,0.5493314266204834,1038,71,1092,239
399,39,0.5205076932907104,9,441,60,595
399,45,0.5099838972091675,1398,896,1688,1017
399,72,0.3638996183872223,56,0,1884,1043
399,75,0.3441396653652191,1347,19,1816,1008
399,39,0.3210345208644867,1086,86,1134,244
399,39,0.25848665833473206,59,474,136,597
400,39,0.5893662571907043,9,440,60,595
400,39,0.5842159390449524,1038,72,1092,239
400,45,0.4962083697319031,1399,896,1688,1017
400,77,0.43377014994621277,472,347,1071,1039
400,39,0.374075323343277,1086,88,1134,244
400,75,0.35589706897735596,1346,18,1816,1009
400,39,0.29021787643432617,58,474,136,597
401,39,0.5939357280731201,9,440,60,595
401,39,0.5833622217178345,1038,72,1092,239
401,45,0.4963494837284088,1399,896,1688,1017
401,77,0.43912574648857117,472,347,1071,1039
401,39,0.3733769357204437,1086,88,1134,244
401,75,0.35559916496276855,1346,18,1816,1009
401,39,0.30681315064430237,59,474,136,597
402,39,0.6018678545951843,9,440,60,595
402,39,0.5864626169204712,1038,72,1092,239
402,45,0.49916717410087585,1399,896,1688,1017
402,77,0.4276004731655121,472,347,1071,1039
402,39,0.36806732416152954,1086,88,1134,244
402,75,0.3542194366455078,1347,18,1816,1009
402,39,0.31248822808265686,58,474,136,597
403,0,0.5481858849525452,504,238,1059,1069
403,39,0.5309671759605408,9,441,60,595
403,45,0.49559175968170166,1399,896,1688,1017
403,39,0.46967649459838867,1038,73,1092,239
403,75,0.3006938397884369,1348,18,1816,1008
403,39,0.26953527331352234,1086,87,1133,244
403,39,0.26453641057014465,59,473,136,597
404,0,0.5474259257316589,504,238,1059,1069
404,39,0.5373395085334778,9,440,60,595
404,45,0.49390971660614014,1399,896,1688,1017
404,39,0.4703003466129303,1038,73,1092,239
404,75,0.2999683916568756,1348,18,1816,1008
404,39,0.27884459495544434,58,473,136,597
404,39,0.27241694927215576,1086,86,1133,244
405,39,0.5766918063163757,1037,71,1093,239
405,39,0.5257366895675659,9,440,60,595
405,45,0.40324434638023376,1399,895,1689,1017
405,75,0.38795119524002075,1346,15,1817,1010
405,39,0.3624156713485718,1086,86,1134,244
405,39,0.28250983357429504,58,473,136,597
405,0,0.2650699317455292,441,204,1152,1059
406,39,0.5832163095474243,1037,71,1093,239
406,39,0.5312217473983765,9,440,60,595
406,45,0.40492376685142517,1399,895,1689,1017
406,75,0.38697564601898193,1346,15,1816,1010
406,39,0.36844342947006226,1086,87,1134,244
406,39,0.28960302472114563,58,473,136,597
406,0,0.2727302014827728,441,204,1152,1059
407,39,0.5835446715354919,1037,71,1093,239
407,39,0.530509889125824,9,440,60,595
407,45,0.4070444405078888,1399,895,1689,1017
407,75,0.386806458234787,1346,15,1817,1010
407,39,0.36273178458213806,1086,87,1134,244
407,39,0.2906425893306732,59,473,136,597
407,0,0.260433167219162,441,205,1156,1059
408,0,0.6000878810882568,391,140,1128,1065
408,39,0.5164123773574829,9,440,60,595
408,45,0.4473634958267212,1399,895,1688,1017
408,75,0.30779653787612915,1347,17,1817,1009
408,39,0.3003213703632355,59,472,136,597
408,72,0.28896474838256836,43,3,1895,1044
409,0,0.6168232560157776,391,140,1127,1065
409,39,0.5179856419563293,9,440,60,595
409,45,0.4462150037288666,1399,895,1688,1017
409,75,0.3086233139038086,1347,17,1817,1009
409,39,0.3023436963558197,58,472,136,597
409,72,0.2898029386997223,43,3,1895,1044
410,45,0.46841979026794434,1399,896,1688,1017
410,39,0.39466917514801025,9,443,60,594
410,75,0.3933337926864624,1347,17,1817,1010
410,0,0.28839537501335144,418,224,833,1073
410,39,0.2549409568309784,1036,72,1092,241
411,45,0.4683682322502136,1399,896,1688,1017
411,75,0.39270931482315063,1347,17,1817,1010
411,39,0.38944703340530396,9,443,60,594
411,0,0.2859342694282532,418,224,832,1073
411,39,0.2642461359500885,1036,72,1092,241
412,45,0.46823981404304504,1399,896,1688,1017
412,75,0.39306169748306274,1347,17,1817,1010
412,39,0.385125994682312,9,443,60,594
412,0,0.2894500494003296,419,224,833,1073
412,39,0.2582552433013916,1036,72,1092,241
413,45,0.4746643900871277,1399,896,1688,1017
413,39,0.4170912206172943,9,442,60,594
413,75,0.36922821402549744,1347,19,1817,1010
414,45,0.47843730449676514,1399,896,1688,1017
414,39,0.42212557792663574,9,442,60,594
414,75,0.3692171275615692,1347,19,1817,1010
415,45,0.47476303577423096,1399,895,1688,1017
415,39,0.404611736536026,10,444,60,594
415,75,0.32813024520874023,1349,19,1817,1010
416,45,0.47834816575050354,1399,895,1688,1017
416,39,0.4127010703086853,10,444,60,594
416,75,0.3273647725582123,1349,19,1817,1010
417,45,0.47653090953826904,1399,895,1688,1017
417,39,0.413249671459198,10,444,60,594
417,75,0.3274948000907898,1349,19,1817,1010
418,45,0.48674455285072327,1399,895,1688,1017
418,39,0.40179067850112915,10,443,60,594
418,75,0.30344992876052856,1350,19,1817,1010
419,45,0.48612043261528015,1399,895,1688,1017
419,39,0.39697909355163574,10,443,60,594
419,75,0.30387359857559204,1350,20,1817,1010
420,0,0.5657738447189331,376,201,1185,1071
420,45,0.48357805609703064,1399,895,1688,1017
420,39,0.3794334828853607,10,443,60,594
420,75,0.30675169825553894,1350,19,1817,1010
421,0,0.5764374136924744,375,202,1185,1071
421,45,0.4816909730434418,1399,895,1688,1017
421,39,0.3685987591743469,10,443,60,594
421,75,0.30632415413856506,1350,19,1817,1010
422,0,0.5724295377731323,375,201,1185,1071
422,45,0.4838225245475769,1399,895,1688,1017
422,39,0.36844757199287415,10,443,60,594
422,75,0.3061944842338562,1350,19,1817,1010
423,0,0.69441819190979,348,209,1174,1071
423,45,0.4568730592727661,1399,895,1688,1017
423,39,0.36968833208084106,10,443,60,594
423,75,0.3273307681083679,1349,20,1817,1010
424,0,0.6911201477050781,348,209,1175,1071
424,45,0.4624457061290741,1399,895,1688,1017
424,39,0.36286768317222595,10,443,60,594
424,75,0.3264930546283722,1349,20,1817,1009
425,0,0.8009143471717834,360,204,1178,1069
425,45,0.46860751509666443,1399,895,1688,1017
425,39,0.407017320394516,10,443,60,594
425,75,0.343143105506897,1349,19,1817,1010
426,0,0.8009529709815979,360,204,1178,1069
426,45,0.46880489587783813,1399,895,1688,1017
426,39,0.4158340096473694,10,443,60,594
426,75,0.3436086177825928,1349,19,1817,1010
427,0,0.8020105957984924,360,204,1178,1069
427,45,0.4686436951160431,1399,895,1688,1017
427,39,0.4166947603225708,10,443,60,594
427,75,0.34434717893600464,1349,19,1817,1010
428,0,0.7544710040092468,381,188,1196,1071
428,75,0.44779375195503235,1347,17,1816,1010
428,45,0.41746729612350464,1398,895,1688,1017
428,39,0.3708457946777344,10,443,60,594
429,0,0.7610856890678406,380,188,1196,1071
429,75,0.4470753073692322,1347,17,1816,1010
429,45,0.41739949584007263,1398,895,1688,1017
429,39,0.37355220317840576,10,443,60,594
430,0,0.4976653754711151,398,178,1176,1068
430,39,0.43738532066345215,10,442,60,595
430,45,0.42416682839393616,1398,895,1688,1017
430,75,0.42119699716567993,1347,18,1816,1011
431,0,0.495577335357666,400,178,1178,1068
431,39,0.4337955713272095,10,442,60,595
431,45,0.42420831322669983,1398,895,1688,1017
431,75,0.41807684302330017,1347,18,1816,1011
432,0,0.4994949400424957,398,179,1176,1068
432,39,0.4295908212661743,10,442,60,595
432,45,0.4239562153816223,1398,895,1688,1017
432,75,0.4175284206867218,1347,18,1816,1011
433,75,0.4611833691596985,1347,18,1816,1011
433,45,0.4275645911693573,1399,895,1688,1017
433,39,0.3807903230190277,10,443,60,594
434,75,0.4564029276371002,1347,18,1816,1011
434,45,0.4277689754962921,1399,895,1688,1017
434,39,0.3791171908378601,10,443,60,594
435,75,0.4353010356426239,1347,18,1816,1011
435,45,0.4175291061401367,1399,895,1688,1017
435,39,0.3918451964855194,10,443,60,594
435,0,0.3906311094760895,463,209,1166,1071
436,75,0.43582481145858765,1347,18,1816,1011
436,45,0.4231555759906769,1399,895,1688,1017
436,0,0.39664819836616516,464,208,1168,1071
436,39,0.39203694462776184,10,443,60,594
437,75,0.43774673342704773,1347,18,1816,1011
437,45,0.4203459918498993,1399,895,1688,1017
437,39,0.3898029625415802,10,443,60,594
437,0,0.3813096582889557,464,211,1158,1071
438,10,0.27670884132385254,0,4,335,1066
438,55,0.2628021240234375,1,4,337,1060
439,10,0.29681408405303955,0,4,334,1066
439,55,0.28530174493789673,1,4,336,1062
440,10,0.3256487250328064,0,4,333,1066
440,55,0.3153236210346222,1,5,336,1063
441,10,0.37455588579177856,0,5,332,1067
441,55,0.29889610409736633,1,4,336,1062
442,10,0.39545878767967224,0,5,332,1066
442,55,0.308379590511322,1,4,336,1062
443,55,0.3390836715698242,1,4,335,1062
443,10,0.3366832137107849,0,5,332,1066
443,33,0.2857344448566437,719,43,1919,1070
444,55,0.35709795355796814,1,5,335,1062
444,10,0.33388403058052063,0,4,332,1066
444,33,0.28741827607154846,724,42,1919,1070
445,4,0.6284272074699402,379,1,1909,1063
445,55,0.35535335540771484,1,5,334,1062
445,10,0.30187973380088806,0,4,331,1066
446,4,0.6301482915878296,340,1,1909,1062
446,55,0.3362804055213928,1,5,333,1063
446,10,0.31079408526420593,0,5,330,1065
447,4,0.6217977404594421,338,1,1909,1063
447,55,0.3565275967121124,1,5,333,1063
447,10,0.28583410382270813,0,5,330,1065
448,25,0.513235867023468,1830,658,1919,969
448,25,0.3438614010810852,1145,6,1918,972
448,55,0.31538355350494385,1,5,333,1062
448,33,0.2652268707752228,1145,6,1919,1003
448,10,0.26509103178977966,0,4,330,1065
449,25,0.5668678283691406,1830,659,1919,968
449,25,0.32029828429222107,1146,6,1918,969
449,55,0.27771511673927307,1,5,332,1060
449,33,0.2572802007198334,1146,5,1919,950
450,55,0.27107754349708557,1,5,331,1061
451,55,0.2882019281387329,1,5,330,1061
452,55,0.30559369921684265,1,5,330,1061
453,55,0.3094392716884613,0,5,330,1061
454,55,0.29318052530288696,1,5,329,1060
456,55,0.25425103306770325,1,6,327,1061
457,55,0.26266947388648987,1,6,328,1062
458,55,0.3263663947582245,1,3,325,1066
459,55,0.35115721821784973,1,3,325,1067
460,55,0.35771670937538147,1,4,324,1068
461,55,0.30666428804397583,1,4,324,1069
461,10,0.2535751461982727,1,5,323,1068
461,76,0.25247105956077576,896,211,999,536
462,55,0.31362399458885193,1,3,324,1069
463,55,0.3332834243774414,1,4,326,1065
464,55,0.3394383192062378,1,4,325,1066
464,10,0.2872472107410431,1,7,322,1068
465,55,0.3493070602416992,1,4,325,1065
465,10,0.2580156922340393,1,7,321,1068
466,55,0.3224032521247864,1,4,324,1063
467,55,0.31774747371673584,1,4,324,1063
468,55,0.3032560348510742,1,4,323,1061
469,55,0.3059621751308441,1,4,322,1061
470,55,0.25553610920906067,0,1,321,1062
470,4,0.2537517249584198,581,241,1202,1069
470,10,0.2537297010421753,0,6,319,1067
471,10,0.29474520683288574,0,6,318,1067
472,10,0.2597733736038208,0,5,318,1067
472,4,0.25445160269737244,581,242,1203,1069
474,76,0.2544765770435333,895,203,1004,532
475,10,0.2852393388748169,0,5,318,1067
476,10,0.2832889258861542,0,5,318,1067
477,10,0.2699756324291229,0,5,318,1067
478,10,0.321050763130188,0,4,317,1067
479,10,0.2905421257019043,0,3,317,1068
480,10,0.3164753019809723,0,2,317,1068
481,10,0.3571082651615143,0,0,317,1068
482,10,0.3377280831336975,0,1,317,1068
483,10,0.2876855432987213,0,0,317,1067
483,55,0.27302074432373047,1,1,317,1065
484,55,0.2964754104614258,1,1,316,1065
484,10,0.2514888048171997,0,1,317,1068
485,55,0.35610392689704895,0,4,318,1058
486,55,0.37539181113243103,0,4,317,1057
487,55,0.37006887793540955,0,4,317,1057
488,55,0.33949562907218933,0,5,317,1057
488,10,0.3026430010795593,0,59,313,1067
488,4,0.2552303373813629,583,236,1223,1067
489,55,0.350249707698822,1,1,314,1065
489,10,0.3378138244152069,0,44,312,1067
489,4,0.2652185261249542,583,236,1224,1067
490,10,0.33792176842689514,0,46,311,1067
490,55,0.28881821036338806,1,5,316,1057
491,77,0.49383220076560974,1332,7,1813,1006
491,39,0.4572450816631317,1031,75,1086,234
491,0,0.2957790791988373,285,474,1122,1072
491,75,0.2513965368270874,1346,18,1813,1002
492,77,0.49381858110427856,1332,7,1813,1005
492,39,0.4631410539150238,1031,75,1086,234
492,0,0.2963479161262512,285,474,1123,1072
492,75,0.253007173538208,1346,18,1813,1002
493,77,0.48946821689605713,1332,7,1813,1005
493,39,0.4564192593097687,1031,75,1086,234
493,0,0.2836167812347412,285,474,1122,1072
494,77,0.4884454309940338,1332,7,1813,1006
494,39,0.45496803522109985,1031,75,1086,234
494,0,0.2822810113430023,285,474,1123,1072
495,77,0.49235427379608154,1332,7,1813,1005
495,39,0.4499189257621765,1031,75,1086,234
495,0,0.2831229269504547,285,474,1123,1072
496,77,0.49322742223739624,1332,7,1813,1005
496,39,0.45052674412727356,1031,75,1086,234
496,0,0.2828029692173004,285,474,1123,1072
497,77,0.49223390221595764,1332,7,1813,1005
497,39,0.4520772397518158,1031,75,1086,234
497,0,0.28569960594177246,285,474,1123,1072
497,75,0.2500578463077545,1346,18,1812,1002
498,77,0.5063859224319458,1332,7,1813,1005
498,39,0.4676397144794464,1031,75,1086,234
498,0,0.4062778949737549,283,462,1158,1072
498,39,0.25931301712989807,1082,85,1129,243
499,77,0.5071165561676025,1332,7,1813,1005
499,39,0.4683550000190735,1031,75,1086,234
499,0,0.4077296853065491,283,462,1157,1072
499,39,0.25881022214889526,1082,85,1129,243
500,77,0.5181968808174133,1332,7,1813,1005
500,39,0.4691079556941986,1031,75,1086,234
500,39,0.2640765309333801,1082,85,1129,243
501,77,0.523384153842926,1332,7,1813,1005
501,39,0.4801529347896576,1031,75,1086,234
501,39,0.2754128873348236,1082,85,1129,243
502,77,0.524052619934082,1332,7,1813,1005
502,39,0.47991839051246643,1031,75,1086,234
502,39,0.2756936848163605,1082,85,1129,243
503,77,0.4998762905597687,1332,7,1813,1005
503,39,0.45602473616600037,1030,75,1086,234
503,0,0.289824515581131,283,474,1199,1073
503,39,0.2520027160644531,1082,85,1129,243
504,77,0.5002954006195068,1332,7,1813,1005
504,39,0.4538091719150543,1030,75,1086,234
504,0,0.28263285756111145,283,474,1198,1073
505,77,0.5002775192260742,1332,7,1813,1005
505,39,0.45504167675971985,1030,75,1086,234
505,0,0.2848109006881714,283,474,1198,1073
505,39,0.2519412338733673,1082,85,1129,243
506,77,0.5445324778556824,1332,7,1813,1005
506,39,0.4679008722305298,1030,75,1086,235
506,39,0.29388415813446045,1082,85,1129,243
506,45,0.2788049280643463,1399,880,1685,1003
507,77,0.5421448945999146,1332,7,1813,1005
507,39,0.4688124358654022,1030,75,1086,234
507,39,0.29477259516716003,1082,85,1129,243
507,45,0.2742025852203369,1399,880,1685,1003
508,77,0.5397459268569946,1332,7,1813,1005
508,39,0.4676223397254944,1030,75,1086,235
508,39,0.29237842559814453,1082,85,1129,243
508,45,0.2757728397846222,1399,880,1685,1003
508,75,0.25127092003822327,1347,17,1812,1002
509,77,0.43348371982574463,1332,7,1813,1004
509,39,0.3853214681148529,1031,75,1086,235
509,75,0.26688703894615173,1348,18,1813,1002
510,77,0.43627816438674927,1332,7,1813,1004
510,39,0.38947439193725586,1031,75,1086,235
510,75,0.2649153172969818,1348,18,1812,1002
511,77,0.5283392667770386,1331,7,1813,1005
511,39,0.4549134075641632,1030,75,1086,234
511,39,0.28242990374565125,1083,85,1129,243
512,77,0.5242838263511658,1331,7,1813,1005
512,39,0.46354904770851135,1030,75,1086,234
512,39,0.28841105103492737,1083,85,1129,243
513,77,0.5067904591560364,1332,7,1813,1005
513,39,0.4688476026058197,1030,75,1086,235
513,0,0.3199346363544464,282,411,1237,1072
513,39,0.2620184123516083,1082,85,1129,243
514,77,0.48216530680656433,1333,7,1814,1005
514,39,0.37721315026283264,1030,75,1086,235
515,77,0.47783470153808594,1333,7,1814,1005
515,39,0.37993019819259644,1030,75,1086,235
516,77,0.5236706137657166,1332,6,1813,1005
516,39,0.46940892934799194,1030,75,1086,234
516,0,0.3079395890235901,290,458,1124,1071
516,39,0.2765478491783142,1083,85,1129,243
516,75,0.27449530363082886,1346,17,1812,1002
517,77,0.5203527808189392,1332,6,1813,1005
517,39,0.4689180850982666,1030,75,1086,234
517,0,0.30296504497528076,290,458,1126,1071
517,39,0.27688419818878174,1083,85,1129,243
517,75,0.2760927677154541,1346,17,1812,1002
518,77,0.522519588470459,1332,6,1813,1005
518,39,0.47068488597869873,1030,75,1086,234
518,0,0.31046536564826965,288,459,1207,1072
518,39,0.2794385850429535,1083,85,1129,243
518,75,0.2758218050003052,1346,17,1812,1002
519,77,0.4966008961200714,1331,7,1813,1005
519,39,0.4854819178581238,1030,75,1086,234
519,0,0.3385485112667084,284,412,1233,1072
519,39,0.3017868995666504,1082,85,1129,243
519,75,0.27402493357658386,1346,16,1812,1002
520,77,0.49883294105529785,1331,7,1813,1005
520,39,0.4856637716293335,1030,75,1086,234
520,0,0.33911457657814026,289,160,1240,1073
520,39,0.3020670413970947,1082,85,1129,243
520,75,0.2706763446331024,1346,16,1812,1002
521,77,0.49189189076423645,1331,7,1813,1005
521,39,0.46688178181648254,1030,75,1086,234
521,75,0.28294554352760315,1346,17,1812,1002
521,39,0.27063125371932983,1082,85,1129,243
522,77,0.4914873540401459,1331,7,1813,1005
522,39,0.4664173722267151,1030,75,1086,234
522,75,0.2821720540523529,1345,17,1812,1002
522,39,0.26839473843574524,1082,85,1129,243
523,77,0.4911796748638153,1331,7,1813,1005
523,39,0.467151939868927,1030,75,1086,234
523,75,0.28126734495162964,1346,17,1812,1002
523,39,0.2689889371395111,1082,85,1129,243
524,77,0.4661703109741211,1332,7,1813,1005
524,39,0.45468631386756897,1030,75,1086,234
524,75,0.29549530148506165,1346,17,1812,1002
525,77,0.46596792340278625,1332,7,1813,1005
525,39,0.4551626145839691,1030,75,1086,234
525,75,0.2924492657184601,1346,17,1812,1002
526,77,0.48648303747177124,1331,7,1813,1005
526,39,0.46155810356140137,1031,75,1086,234
526,75,0.25943005084991455,1346,17,1813,1002
527,77,0.4885162115097046,1331,7,1813,1005
527,39,0.46267199516296387,1031,75,1086,234
527,75,0.25890854001045227,1346,17,1813,1002
528,77,0.49150002002716064,1331,7,1813,1005
528,39,0.4639500379562378,1031,75,1086,234
528,75,0.2565801441669464,1346,17,1813,1002
529,77,0.4691644608974457,1332,7,1813,1005
529,39,0.458903044462204,1031,75,1086,234
529,0,0.3915262520313263,286,468,1107,1072
529,11,0.2911345362663269,338,175,675,485
529,75,0.28721439838409424,1346,17,1812,1002
530,77,0.4710058271884918,1332,7,1813,1005
530,39,0.4593973159790039,1031,75,1086,234
530,0,0.3906388282775879,286,468,1106,1072
530,11,0.28879398107528687,338,175,675,485
530,75,0.2866848111152649,1346,17,1812,1002
531,77,0.4831371009349823,1332,7,1813,1005
531,39,0.472467303276062,1031,75,1086,234
531,75,0.2609767019748688,1346,17,1812,1002
531,0,0.2594756782054901,286,466,1101,1073
531,39,0.2589161694049835,1082,85,1129,243
532,77,0.48313093185424805,1331,7,1813,1005
532,39,0.46920838952064514,1031,75,1086,234
532,0,0.26447829604148865,286,466,1101,1073
532,75,0.2620045244693756,1346,17,1812,1002
532,39,0.255569726228714,1083,85,1129,243
533,77,0.4822993278503418,1331,7,1813,1005
533,39,0.4695027768611908,1030,75,1086,234
533,75,0.26296529173851013,1346,17,1812,1002
533,0,0.25649210810661316,286,466,1102,1073
533,39,0.25634971261024475,1082,85,1129,243
534,77,0.4942474663257599,1331,7,1813,1005
534,39,0.47440361976623535,1030,75,1086,234
534,0,0.3508792221546173,286,462,1122,1073
534,39,0.25658950209617615,1082,85,1129,243
534,75,0.2513154149055481,1346,17,1813,1002
535,77,0.494870126247406,1331,7,1813,1005
535,39,0.47508832812309265,1031,75,1086,234
535,0,0.35330289602279663,286,462,1122,1073
535,39,0.2583613693714142,1082,85,1129,243
536,77,0.48261624574661255,1332,7,1813,1005
536,39,0.46538493037223816,1031,75,1086,234
536,0,0.4314628541469574,286,465,1101,1072
536,75,0.2825612425804138,1346,17,1812,1002
536,11,0.2714618742465973,335,173,675,486
537,77,0.48242008686065674,1332,7,1813,1005
537,39,0.4643314480781555,1031,75,1086,234
537,0,0.4335058629512787,286,465,1101,1072
537,75,0.2831520438194275,1346,17,1812,1002
537,11,0.27496397495269775,336,174,675,486
538,77,0.48289063572883606,1332,7,1813,1005
538,39,0.46745702624320984,1031,75,1086,234
538,0,0.4260382652282715,286,465,1102,1072
538,75,0.28294846415519714,1346,17,1812,1002
538,11,0.2725818157196045,335,173,675,486
538,39,0.25216570496559143,1082,85,1129,243
539,77,0.48212409019470215,1331,7,1813,1005
539,39,0.47817954421043396,1030,75,1086,234
539,0,0.2813986539840698,286,468,1105,1073
539,39,0.26702719926834106,1082,85,1129,243
539,75,0.2616128623485565,1346,17,1812,1002
540,77,0.4788246750831604,1331,7,1813,1005
540,39,0.4768791198730469,1030,75,1086,234
540,0,0.27270305156707764,286,468,1103,1073
540,75,0.2661568224430084,1346,17,1812,1002
540,39,0.26511603593826294,1082,85,1129,243
541,77,0.5298678278923035,1331,7,1813,1005
541,39,0.48196274042129517,1030,75,1086,234
541,0,0.4199793040752411,290,473,1130,1070
541,39,0.28568243980407715,1082,85,1129,243
542,77,0.5304509997367859,1331,7,1813,1005
542,39,0.48271557688713074,1030,75,1086,234
542,0,0.4232880771160126,290,473,1130,1070
542,39,0.2860794961452484,1082,85,1129,243
543,77,0.5338953733444214,1331,7,1813,1005
543,39,0.4825747311115265,1030,75,1086,234
543,0,0.41752368211746216,290,473,1129,1070
543,39,0.2860281467437744,1082,85,1129,243
544,77,0.5627813339233398,1332,7,1813,1005
544,39,0.46537378430366516,1031,75,1086,234
544,39,0.27161478996276855,1082,85,1129,243
545,77,0.5611119270324707,1332,7,1813,1005
545,39,0.46223926544189453,1031,75,1086,234
545,39,0.2672658860683441,1082,85,1129,243
546,77,0.545659065246582,1332,7,1813,1005
546,39,0.45212823152542114,1030,75,1086,234
546,39,0.25084471702575684,1082,85,1129,243
547,77,0.5467851758003235,1332,7,1813,1005
547,39,0.4537855386734009,1030,75,1086,234
547,39,0.2517348527908325,1082,85,1129,243
548,77,0.5444931983947754,1332,7,1813,1005
548,39,0.452304869890213,1030,75,1086,234
549,77,0.5376139879226685,1332,7,1813,1005
549,39,0.46779826283454895,1030,75,1086,234
549,39,0.2766105830669403,1082,85,1129,243
550,77,0.5373467803001404,1332,7,1813,1005
550,39,0.4681459367275238,1030,75,1086,234
550,39,0.276416152715683,1082,85,1129,243
551,77,0.5487962961196899,1331,7,1813,1005
551,39,0.45240169763565063,1030,75,1086,234
551,39,0.2562958300113678,1082,85,1129,243
552,77,0.5515090823173523,1331,7,1813,1005
552,39,0.4525969922542572,1030,75,1086,234
552,39,0.25509369373321533,1082,85,1129,243
553,77,0.5511311888694763,1331,7,1813,1005
553,39,0.45455801486968994,1030,75,1086,234
553,39,0.25804343819618225,1082,85,1129,243
554,77,0.525537371635437,1332,7,1813,1005
554,39,0.4572211503982544,1030,75,1086,234
554,39,0.2609784007072449,1082,85,1129,243
555,77,0.5237688422203064,1332,7,1813,1005
555,39,0.4588800370693207,1030,75,1086,234
555,39,0.26197725534439087,1082,85,1129,243
556,77,0.5239032506942749,1332,7,1813,1005
556,39,0.4611860513687134,1030,75,1086,234
556,39,0.2666771411895752,1082,85,1129,243
557,77,0.5248308777809143,1332,7,1813,1005
557,39,0.4583483934402466,1030,75,1086,234
557,39,0.26256734132766724,1082,85,1129,243
558,77,0.5254420638084412,1332,7,1813,1005
558,39,0.460776686668396,1030,75,1086,234
558,39,0.26511648297309875,1082,85,1129,243
559,77,0.5592618584632874,1331,7,1813,1005
559,39,0.45408356189727783,1030,75,1086,234
559,39,0.2554692029953003,1082,85,1129,243
560,77,0.5563247203826904,1331,7,1813,1005
560,39,0.45094436407089233,1030,75,1086,234
560,39,0.25199347734451294,1082,83,1129,242
561,77,0.5276440978050232,1332,6,1813,1005
561,39,0.4379304349422455,1030,75,1086,234
562,77,0.5279501676559448,1332,6,1813,1005
562,39,0.438089519739151,1030,75,1086,234
563,77,0.5322957038879395,1332,6,1813,1005
563,39,0.44039344787597656,1030,75,1086,234
564,77,0.4476567208766937,1331,6,1813,1005
564,39,0.4396941363811493,1030,75,1086,234
564,75,0.35793936252593994,1346,17,1812,1002
564,39,0.28418317437171936,1082,83,1129,242
564,45,0.25657135248184204,1399,879,1685,1003
565,77,0.4463914632797241,1331,6,1813,1005
565,39,0.4413151144981384,1030,75,1086,234
565,75,0.36007165908813477,1346,17,1812,1002
565,39,0.28436464071273804,1082,83,1129,242
565,45,0.257341206073761,1399,879,1685,1003
566,39,0.3834723234176636,1030,74,1085,235
566,75,0.31416764855384827,1347,17,1813,1002
566,56,0.3078521192073822,319,554,1078,1068
566,39,0.28242921829223633,1082,83,1129,242
566,77,0.2634868621826172,1331,7,1813,1005
566,56,0.26046550273895264,321,556,790,1068
567,39,0.3890136778354645,1030,74,1085,235
567,75,0.31656235456466675,1347,17,1813,1002
567,56,0.3041687309741974,319,554,1078,1068
567,39,0.2838814854621887,1082,83,1129,242
567,77,0.2605796158313751,1331,7,1813,1005
567,56,0.25909459590911865,323,558,790,1070
568,39,0.38475215435028076,1030,74,1085,235
568,75,0.3143799602985382,1347,17,1813,1002
568,56,0.30830878019332886,319,554,1078,1068
568,39,0.2794605791568756,1082,83,1129,242
568,77,0.26101329922676086,1331,7,1813,1005
568,56,0.25353166460990906,321,555,790,1067
569,75,0.3808949887752533,1345,16,1812,1001
569,56,0.31037065386772156,379,582,786,1070
570,75,0.38063549995422363,1345,16,1812,1001
570,56,0.2980918288230896,379,582,786,1070
571,39,0.36556506156921387,1031,75,1085,236
571,75,0.3527929484844208,1345,15,1813,1001
571,77,0.27823132276535034,1330,6,1813,1004
572,39,0.366043359041214,1031,75,1085,236
572,75,0.3552098572254181,1345,15,1813,1001
572,77,0.2799132466316223,1330,6,1813,1004
573,39,0.3645397424697876,1031,75,1085,236
573,75,0.35471197962760925,1345,15,1813,1001
573,77,0.27904102206230164,1330,6,1813,1004
574,77,0.32396069169044495,1331,7,1814,1004
574,39,0.3157757818698883,1031,75,1086,233
574,75,0.29026147723197937,1347,17,1813,1002
575,77,0.32333776354789734,1331,7,1814,1004
575,39,0.3063407838344574,1031,75,1086,233
575,75,0.2893179655075073,1347,17,1813,1002
576,77,0.35799703001976013,1331,7,1814,1004
576,39,0.32430604100227356,1030,68,1085,236
576,75,0.2753426134586334,1346,17,1813,1001
577,77,0.357681006193161,1331,7,1814,1004
577,39,0.3260748088359833,1030,68,1085,236
577,75,0.27455058693885803,1346,17,1813,1001
578,77,0.35922014713287354,1331,7,1814,1004
578,39,0.32132187485694885,1030,68,1085,236
578,75,0.2746366262435913,1346,17,1813,1001
579,39,0.3803844749927521,1030,75,1086,235
579,77,0.3311869204044342,1331,7,1814,1004
579,75,0.2535601854324341,1346,17,1813,1002
580,39,0.3804702162742615,1030,75,1086,235
580,77,0.331515908241272,1331,7,1814,1004
580,75,0.25547081232070923,1346,17,1813,1001
581,77,0.3314114809036255,1330,7,1814,1004
581,39,0.32495561242103577,1031,76,1085,234
582,77,0.33448073267936707,1330,7,1814,1004
582,39,0.32798415422439575,1031,76,1085,234
583,77,0.3341825306415558,1330,7,1814,1004
583,39,0.3242051899433136,1031,76,1085,234
584,77,0.35484209656715393,1330,7,1813,1005
584,39,0.32987064123153687,1031,76,1086,237
584,75,0.32067108154296875,1345,16,1813,1002
585,77,0.3529772162437439,1330,7,1813,1005
585,39,0.3291996717453003,1031,76,1086,237
585,75,0.32385560870170593,1345,16,1813,1002
586,77,0.3688829243183136,1330,7,1813,1006
586,39,0.28965264558792114,1031,70,1084,234
586,75,0.27787870168685913,1346,15,1813,1002
587,77,0.36660459637641907,1330,7,1813,1006
587,39,0.28469908237457275,1031,70,1084,234
587,75,0.2788894772529602,1346,15,1813,1002
588,77,0.36959078907966614,1330,7,1813,1006
588,39,0.2942344546318054,1031,70,1084,233
588,75,0.27974221110343933,1346,15,1813,1002
589,39,0.39891377091407776,1031,75,1085,231
589,39,0.3165035545825958,1082,83,1129,241
589,75,0.30888038873672485,1347,16,1813,1002
589,77,0.28890517354011536,1330,7,1813,1005
590,39,0.4011547863483429,1031,75,1085,231
590,39,0.31165215373039246,1082,83,1129,241
590,75,0.3079235255718231,1347,16,1813,1002
590,77,0.290263831615448,1330,7,1813,1005
591,39,0.3226427733898163,1032,70,1084,235
591,75,0.30787333846092224,1347,17,1813,1002
591,77,0.27168211340904236,1330,7,1813,1005
592,39,0.3184737265110016,1032,70,1083,235
592,75,0.30781134963035583,1347,17,1813,1002
592,77,0.27284589409828186,1330,7,1813,1005
593,39,0.3194520175457001,1032,70,1083,235
593,75,0.3088640868663788,1347,17,1813,1002
593,77,0.272243469953537,1330,7,1813,1005
594,75,0.356549471616745,1348,15,1813,1002
594,39,0.30897796154022217,1033,75,1085,235
595,75,0.35605451464653015,1348,15,1813,1002
595,39,0.3090277910232544,1033,75,1085,235
596,75,0.2828085720539093,1348,16,1813,1002
596,77,0.28085052967071533,1331,7,1813,1006
596,39,0.2607240378856659,1032,79,1082,235
597,75,0.2830231487751007,1348,16,1813,1002
597,77,0.2813585698604584,1331,7,1813,1006
597,39,0.26030439138412476,1032,79,1082,235
598,77,0.28237685561180115,1331,7,1813,1006
598,75,0.28140443563461304,1348,16,1813,1002
598,39,0.26288631558418274,1032,79,1082,235
599,39,0.4855458736419678,1032,74,1085,233
599,39,0.31440672278404236,1083,83,1129,241
599,75,0.3110533356666565,1349,17,1813,1002
599,77,0.3022176921367645,1332,8,1813,1005
600,39,0.4755290448665619,1032,74,1085,233
600,75,0.3116827607154846,1348,17,1813,1002
600,39,0.31020963191986084,1082,83,1129,241
600,77,0.3058159649372101,1332,8,1813,1005
601,39,0.3323267698287964,1031,75,1085,234
601,75,0.2928108870983124,1349,16,1813,1001
602,39,0.33256304264068604,1031,75,1085,234
602,75,0.2925739884376526,1349,16,1813,1001
603,39,0.3358536958694458,1031,75,1085,234
603,75,0.2988475263118744,1349,16,1813,1001
604,0,0.7461470365524292,288,549,1148,1068
604,39,0.5565183162689209,1031,75,1086,233
604,72,0.43600237369537354,364,22,1314,1031
604,77,0.40265220403671265,1331,6,1813,1005
604,39,0.3503642976284027,1082,85,1129,243
604,75,0.2817304730415344,1348,16,1813,1001
604,45,0.2570858895778656,1399,880,1685,1003
605,0,0.745101809501648,288,549,1148,1068
605,39,0.5588517189025879,1031,75,1086,233
605,72,0.43493351340293884,365,22,1314,1031
605,77,0.4005979597568512,1331,6,1813,1005
605,39,0.35447418689727783,1083,84,1129,241
605,75,0.28300708532333374,1348,16,1813,1001
605,45,0.25947558879852295,1399,880,1685,1003
606,39,0.4726751148700714,1031,74,1086,234
606,77,0.47094500064849854,1331,6,1813,1005
606,72,0.33523988723754883,186,179,1276,1061
606,72,0.31001976132392883,492,185,1273,1041
606,39,0.2815192639827728,1082,83,1129,241
606,45,0.25084060430526733,1399,880,1685,1003
606,75,0.2500447928905487,1347,18,1812,1001
607,39,0.473863422870636,1031,74,1086,234
607,77,0.46760523319244385,1331,6,1813,1005
607,72,0.33570167422294617,189,179,1276,1061
607,72,0.3099846839904785,492,185,1273,1041
607,39,0.2829505503177643,1082,83,1129,241
607,45,0.2517090141773224,1399,880,1685,1003
607,75,0.25108399987220764,1347,18,1812,1001
608,39,0.4723336696624756,1031,74,1086,234
608,77,0.4715273976325989,1331,6,1813,1005
608,72,0.3308074176311493,197,179,1276,1061
608,72,0.3057728409767151,535,185,1273,1041
608,39,0.28111377358436584,1082,83,1129,241
608,45,0.25020700693130493,1399,880,1685,1003
609,0,0.8299528956413269,283,540,1103,1068
609,39,0.4715193212032318,1031,74,1086,233
609,77,0.3747260868549347,1331,7,1813,1006
609,72,0.36867380142211914,667,185,1285,1027
609,75,0.3145172894001007,1348,17,1812,1002
609,39,0.3028300404548645,1082,83,1129,241
609,45,0.2567908465862274,1399,880,1685,1003
610,0,0.8282380104064941,283,540,1102,1068
610,39,0.4697108864784241,1031,74,1086,233
610,72,0.3787752389907837,668,185,1285,1027
610,77,0.3756673336029053,1331,7,1813,1006
610,75,0.3163401782512665,1348,17,1812,1002
610,39,0.3004493713378906,1082,83,1129,241
610,45,0.2561667859554291,1399,880,1685,1003
611,0,0.6525136232376099,293,529,1077,1067
611,39,0.49269282817840576,1030,75,1086,234
611,77,0.4279109537601471,1331,7,1813,1006
611,39,0.3021852374076843,1082,83,1129,241
611,75,0.2694524824619293,1347,18,1812,1002
611,72,0.25624337792396545,678,189,1284,1040
612,0,0.6559775471687317,293,529,1077,1067
612,39,0.4913943111896515,1030,75,1086,234
612,77,0.42789581418037415,1331,7,1813,1006
612,39,0.2996917963027954,1082,83,1129,241
612,75,0.2691274583339691,1347,18,1812,1002
612,72,0.25307008624076843,678,189,1284,1040
613,0,0.6514399647712708,293,529,1077,1067
613,39,0.49456483125686646,1030,75,1086,234
613,77,0.4242764115333557,1331,7,1813,1006
613,39,0.3041756749153137,1082,83,1129,241
613,75,0.26886868476867676,1347,18,1812,1002
613,72,0.2596287131309509,679,188,1284,1040
614,39,0.5019016265869141,1031,74,1086,233
614,72,0.4926925003528595,681,184,1278,1047
614,72,0.471598744392395,288,188,1277,1049
614,77,0.39236822724342346,1331,7,1813,1005
614,39,0.3291495740413666,1083,85,1129,243
614,0,0.31479454040527344,294,547,885,1065
614,75,0.274515837430954,1348,18,1812,1002
614,45,0.26513686776161194,1399,880,1685,1003
615,39,0.5011773705482483,1031,74,1086,233
615,72,0.49298784136772156,681,184,1278,1047
615,72,0.47456127405166626,286,188,1277,1049
615,77,0.39366838335990906,1331,7,1813,1005
615,39,0.3291981816291809,1083,85,1129,243
615,0,0.31874850392341614,294,546,885,1065
615,75,0.274219810962677,1348,18,1812,1002
615,45,0.2658484876155853,1399,880,1685,1003
616,72,0.5157971382141113,684,190,1277,1047
616,39,0.49372678995132446,1031,74,1086,234
616,0,0.4723862111568451,295,548,939,1066
616,72,0.40230128169059753,240,191,1275,1052
616,77,0.3941189646720886,1331,7,1813,1005
616,39,0.3236721158027649,1082,83,1129,241
616,75,0.2854447066783905,1347,18,1812,1002
616,45,0.28121280670166016,1399,880,1685,1003
617,72,0.5121562480926514,684,190,1277,1047
617,39,0.4935857951641083,1031,74,1086,234
617,0,0.4742121398448944,295,547,942,1066
617,72,0.39870157837867737,239,191,1275,1052
617,77,0.3945453464984894,1331,7,1813,1005
617,39,0.32485002279281616,1082,83,1129,241
617,75,0.28417718410491943,1348,18,1812,1001
617,45,0.2801796793937683,1399,880,1685,1003
618,72,0.5160993933677673,684,190,1277,1047
618,39,0.49242281913757324,1031,74,1086,234
618,0,0.46654874086380005,295,547,942,1066
618,72,0.3992467522621155,240,191,1275,1052
618,77,0.39573267102241516,1331,7,1813,1005
618,39,0.32280969619750977,1082,83,1129,241
618,75,0.2848784029483795,1347,18,1812,1002
618,45,0.2800617516040802,1399,880,1685,1003
619,0,0.5825949311256409,294,514,1005,1067
619,72,0.5820654034614563,621,189,1279,1045
619,39,0.49398016929626465,1031,74,1086,234
619,77,0.39163655042648315,1331,7,1813,1005
619,72,0.34891265630722046,234,190,1276,1048
619,39,0.3320419490337372,1082,83,1129,241
619,75,0.2914395332336426,1348,18,1812,1001
619,45,0.2805796265602112,1399,880,1685,1003
620,0,0.5972561836242676,294,510,1003,1068
620,72,0.5891324877738953,595,189,1279,1045
620,39,0.4980550706386566,1031,74,1086,234
620,77,0.3899479806423187,1331,7,1813,1005
620,72,0.35380661487579346,237,190,1277,1049
620,39,0.3345525860786438,1082,83,1129,241
620,75,0.2907644808292389,1348,18,1812,1001
620,45,0.2822451591491699,1399,880,1685,1003
621,72,0.5429437756538391,603,187,1279,1046
621,39,0.4903985857963562,1031,74,1086,234
621,0,0.43055275082588196,295,544,944,1065
621,77,0.3786132037639618,1331,7,1813,1005
621,39,0.33651667833328247,1082,83,1129,241
621,72,0.32793810963630676,233,189,1275,1050
621,75,0.29128336906433105,1348,18,1812,1001
621,45,0.289224237203598,1399,880,1685,1003
622,72,0.5475746393203735,597,187,1279,1046
622,39,0.48969846963882446,1031,74,1086,234
622,0,0.43114158511161804,295,543,945,1065
622,77,0.37854814529418945,1331,7,1813,1005
622,39,0.3358269929885864,1082,83,1129,241
622,72,0.3307347893714905,235,189,1275,1050
622,75,0.2916325628757477,1348,18,1812,1001
622,45,0.28613796830177307,1399,880,1685,1003
623,72,0.5475588440895081,599,187,1279,1046
623,39,0.49110910296440125,1031,74,1086,234
623,0,0.43891847133636475,295,543,946,1065
623,77,0.37885376811027527,1331,7,1813,1005
623,39,0.3373360335826874,1082,83,1129,241
623,72,0.33211490511894226,235,189,1276,1050
623,75,0.2908618450164795,1348,18,1812,1001
623,45,0.28628459572792053,1399,880,1685,1003
624,39,0.48158976435661316,1031,74,1086,234
624,72,0.4749859869480133,658,187,1278,1047
624,0,0.40852251648902893,294,536,983,1065
624,77,0.38251686096191406,1331,7,1813,1005
624,72,0.32380029559135437,244,189,1275,1050
624,39,0.3208685517311096,1082,83,1129,241
624,75,0.29360026121139526,1347,18,1812,1001
624,45,0.2802945673465729,1399,880,1685,1003
625,72,0.4881623387336731,660,187,1278,1047
625,39,0.48385366797447205,1031,74,1086,234
625,0,0.41116201877593994,294,534,988,1065
625,77,0.38048937916755676,1331,7,1813,1005
625,72,0.34103724360466003,246,189,1275,1050
625,39,0.3224143087863922,1082,83,1129,241
625,75,0.29309535026550293,1347,18,1812,1001
625,45,0.28073981404304504,1399,880,1685,1003
626,72,0.48886314034461975,673,188,1278,1046
626,39,0.48819899559020996,1030,74,1086,234
626,77,0.3970533609390259,1331,7,1813,1005
626,72,0.3711344003677368,241,189,1275,1050
626,39,0.32264474034309387,1082,83,1129,241
626,0,0.3079475164413452,295,541,976,1064
626,75,0.28737393021583557,1348,18,1812,1001
626,45,0.27615129947662354,1399,880,1685,1003
627,72,0.48709940910339355,673,188,1278,1046
627,39,0.48590946197509766,1030,74,1086,234
627,77,0.3969307839870453,1331,7,1813,1005
627,72,0.3679189682006836,241,189,1275,1050
627,39,0.32023024559020996,1082,83,1129,241
627,0,0.31303736567497253,295,541,977,1064
627,75,0.2878096401691437,1348,18,1812,1001
627,45,0.27578026056289673,1399,880,1685,1003
628,72,0.4889778196811676,670,188,1278,1046
628,39,0.48779603838920593,1030,74,1086,234
628,77,0.3975304067134857,1331,7,1813,1005
628,72,0.36793583631515503,240,189,1275,1050
628,39,0.3226242959499359,1082,83,1129,241
628,0,0.31165269017219543,295,541,977,1064
628,75,0.2868119776248932,1348,18,1812,1001
628,45,0.27597978711128235,1399,880,1685,1003
629,72,0.514456570148468,667,188,1279,1045
629,39,0.4909987151622772,1030,74,1086,234
629,0,0.38874468207359314,295,544,939,1066
629,77,0.3866318166255951,1331,7,1813,1005
629,39,0.32629868388175964,1082,83,1129,241
629,72,0.29129815101623535,227,190,1276,1050
629,75,0.28527626395225525,1348,18,1812,1001
629,45,0.28154492378234863,1399,880,1685,1003
630,72,0.5132222175598145,668,188,1279,1045
630,39,0.489357590675354,1030,74,1086,234
630,77,0.3890642523765564,1331,7,1813,1005
630,0,0.3833046853542328,295,544,938,1066
630,39,0.3247963786125183,1082,83,1129,241
630,72,0.2929173409938812,225,190,1276,1050
630,75,0.28411316871643066,1348,18,1812,1001
630,45,0.28060245513916016,1399,880,1685,1003
631,39,0.47289904952049255,1031,74,1086,234
631,72,0.44201499223709106,678,188,1277,1046
631,77,0.39907246828079224,1331,7,1813,1005
631,39,0.31230664253234863,1082,83,1129,241
631,72,0.28581443428993225,219,189,1274,1050
631,75,0.2834824025630951,1348,18,1812,1002
631,45,0.27594345808029175,1399,880,1685,1003
632,39,0.47272205352783203,1031,74,1086,234
632,72,0.443408340215683,678,188,1277,1046
632,77,0.3977188467979431,1331,7,1813,1005
632,39,0.31207776069641113,1082,83,1129,241
632,72,0.28575408458709717,219,189,1274,1050
632,75,0.28375735878944397,1348,18,1812,1002
632,45,0.2765089273452759,1399,880,1685,1003
633,39,0.4745544493198395,1031,74,1086,234
633,72,0.4446916878223419,677,188,1277,1046
633,77,0.39739200472831726,1331,7,1813,1005
633,39,0.3134712874889374,1082,83,1129,241
633,75,0.28325408697128296,1348,18,1812,1001
633,72,0.2831340432167053,221,189,1274,1050
633,45,0.2764087915420532,1399,880,1685,1003
634,39,0.48014920949935913,1031,74,1086,234
634,72,0.47623375058174133,678,189,1277,1046
634,77,0.3913777768611908,1331,7,1813,1005
634,0,0.3696572482585907,295,544,973,1064
634,39,0.32293298840522766,1082,83,1129,241
634,72,0.30889952182769775,231,189,1274,1050
634,75,0.28966182470321655,1348,18,1812,1001
634,45,0.2770688533782959,1399,880,1685,1003
635,39,0.47782665491104126,1031,74,1086,234
635,72,0.47578850388526917,678,189,1277,1046
635,77,0.3920315206050873,1331,7,1813,1005
635,0,0.36324313282966614,295,544,971,1064
635,39,0.32073286175727844,1082,83,1129,241
635,72,0.311935693025589,233,189,1273,1050
635,75,0.28957608342170715,1348,18,1812,1001
635,45,0.2770528495311737,1399,880,1685,1003
636,39,0.4835952818393707,1030,74,1086,234
636,0,0.4775422215461731,295,534,1011,1066
636,72,0.47627636790275574,647,184,1282,1044
636,77,0.3916999399662018,1331,7,1813,1005
636,39,0.3250854015350342,1082,83,1129,241
636,75,0.2908903658390045,1348,18,1812,1001
636,45,0.2822467088699341,1399,880,1685,1003
636,72,0.2579028606414795,166,182,1292,1062
637,39,0.48229122161865234,1031,74,1086,234
637,0,0.4778992831707001,295,534,1011,1066
637,72,0.47587788105010986,647,184,1282,1044
637,77,0.38876691460609436,1331,7,1813,1005
637,39,0.3287504017353058,1082,83,1129,241
637,75,0.29029741883277893,1348,18,1812,1001
637,45,0.2836262285709381,1399,880,1685,1003
637,72,0.25694504380226135,166,182,1292,1062
638,39,0.48018041253089905,1031,74,1086,234
638,0,0.47710278630256653,295,534,1012,1066
638,72,0.4745519757270813,649,184,1282,1044
638,77,0.3893626630306244,1331,7,1813,1005
638,39,0.3276260197162628,1082,83,1129,241
638,75,0.29091259837150574,1348,18,1812,1001
638,45,0.2807902991771698,1399,880,1685,1003
638,72,0.255464106798172,165,183,1292,1062
639,72,0.4963248074054718,677,188,1276,1046
639,39,0.4671282172203064,1031,74,1086,234
639,0,0.3900424838066101,295,545,1012,1065
639,77,0.3884829878807068,1331,7,1813,1005
639,39,0.32030510902404785,1082,83,1129,241
639,72,0.3047102391719818,221,189,1273,1049
639,75,0.2913239300251007,1347,18,1812,1001
639,45,0.2859133780002594,1399,880,1685,1003
640,72,0.4920008182525635,677,188,1277,1046
640,39,0.4664680063724518,1031,74,1086,234
640,0,0.39223575592041016,295,545,1012,1065
640,77,0.3894007205963135,1331,7,1813,1005
640,39,0.32028695940971375,1082,83,1129,241
640,72,0.30555588006973267,216,189,1273,1049
640,75,0.29070842266082764,1347,18,1812,1001
640,45,0.2844260036945343,1399,880,1685,1003
641,0,0.5474916100502014,293,541,997,1065
641,72,0.503818929195404,663,188,1277,1042
641,39,0.4732798933982849,1031,74,1086,234
641,77,0.41199496388435364,1331,7,1813,1005
641,39,0.32939037680625916,1082,83,1129,241
641,72,0.304082453250885,224,189,1274,1046
641,45,0.27023574709892273,1399,880,1685,1003
641,75,0.267937570810318,1348,18,1812,1002
642,0,0.5477256178855896,293,541,998,1065
642,72,0.5049989819526672,663,188,1278,1042
642,39,0.47244399785995483,1031,74,1086,234
642,77,0.4143361449241638,1331,7,1813,1005
642,39,0.3282410502433777,1082,83,1129,241
642,72,0.3040047585964203,226,189,1275,1046
642,45,0.27076971530914307,1399,880,1685,1003
642,75,0.26802271604537964,1348,18,1812,1002
643,0,0.5539605021476746,293,540,1000,1065
643,72,0.5050116181373596,663,188,1278,1042
643,39,0.4745606780052185,1031,74,1086,234
643,77,0.41297489404678345,1331,7,1813,1005
643,39,0.33077144622802734,1082,83,1129,241
643,72,0.3012387752532959,227,189,1275,1046
643,45,0.2713242769241333,1399,880,1685,1003
643,75,0.26901042461395264,1348,18,1812,1002
644,72,0.512440025806427,642,189,1275,1045
644,0,0.4918859899044037,292,548,953,1065
644,39,0.4643253684043884,1031,74,1086,234
644,77,0.4027682840824127,1331,7,1813,1006
644,72,0.3213289678096771,200,189,1272,1050
644,39,0.3131697177886963,1082,83,1129,241
644,75,0.28000572323799133,1348,18,1812,1002
644,45,0.26131927967071533,1399,880,1685,1003
645,72,0.5127073526382446,641,189,1275,1045
645,0,0.49303001165390015,292,548,952,1065
645,39,0.46357107162475586,1031,74,1086,234
645,77,0.4040854871273041,1331,7,1813,1005
645,72,0.32100170850753784,201,189,1272,1050
645,39,0.3118511140346527,1082,83,1129,241
645,75,0.27905866503715515,1348,18,1812,1002
645,45,0.25914642214775085,1399,880,1685,1003
646,0,0.5785644054412842,289,550,895,1067
646,72,0.5084532499313354,647,189,1274,1043
646,39,0.4721827507019043,1031,74,1086,233
646,77,0.39310261607170105,1331,7,1813,1005
646,72,0.3272654712200165,179,190,1271,1045
646,39,0.3149561882019043,1082,83,1129,241
646,75,0.2813807427883148,1348,18,1812,1002
646,45,0.27475982904434204,1399,880,1685,1003
647,0,0.5735437273979187,289,550,893,1067
647,72,0.509404718875885,648,189,1274,1043
647,39,0.4706816077232361,1031,74,1086,234
647,77,0.392895370721817,1331,7,1813,1005
647,72,0.3291705846786499,179,190,1271,1045
647,39,0.31260085105895996,1082,83,1129,241
647,75,0.28180864453315735,1348,18,1812,1002
647,45,0.27592170238494873,1399,880,1685,1003
648,0,0.5781068801879883,289,550,895,1067
648,72,0.509973406791687,647,189,1274,1044
648,39,0.4720093011856079,1031,74,1086,233
648,77,0.3953840136528015,1331,7,1813,1005
648,72,0.33050790429115295,178,190,1271,1046
648,39,0.3148210048675537,1082,83,1129,241
648,75,0.280152827501297,1348,18,1812,1002
648,45,0.27516743540763855,1399,880,1685,1003
649,0,0.6497380137443542,288,545,911,1068
649,72,0.5213831067085266,629,189,1276,1044
649,39,0.4772387146949768,1031,75,1086,233
649,77,0.3992437720298767,1331,7,1813,1005
649,72,0.38836202025413513,212,190,1272,1047
649,39,0.3085852563381195,1082,83,1129,241
649,75,0.2833483815193176,1348,18,1812,1002
649,45,0.28300100564956665,1399,880,1685,1003
650,0,0.6577211618423462,288,545,912,1068
650,72,0.5178273320198059,634,189,1276,1044
650,39,0.47616541385650635,1031,75,1086,233
650,77,0.3998585641384125,1331,7,1813,1005
650,72,0.38630279898643494,210,190,1272,1047
650,39,0.30648553371429443,1082,83,1129,241
650,45,0.2841350734233856,1399,880,1685,1003
650,75,0.2839857339859009,1348,18,1812,1002
651,39,0.47262659668922424,1031,74,1086,234
651,77,0.4045770466327667,1331,7,1813,1005
651,72,0.39561018347740173,401,185,1276,1044
651,0,0.39375069737434387,293,550,865,1067
651,39,0.31788429617881775,1082,83,1129,241
651,72,0.30767035484313965,660,158,1281,1059
651,45,0.28620976209640503,1399,880,1685,1003
651,75,0.27600109577178955,1347,18,1812,1002
651,11,0.26523375511169434,393,112,751,574
652,39,0.47131577134132385,1031,74,1086,234
652,77,0.40356042981147766,1331,7,1813,1005
652,72,0.3957926332950592,406,185,1276,1044
652,0,0.3936133086681366,293,550,863,1067
652,39,0.31601202487945557,1082,83,1129,241
652,72,0.3101070821285248,660,159,1281,1059
652,45,0.2866176664829254,1399,880,1685,1003
652,75,0.27587875723838806,1347,18,1812,1002
652,11,0.2709371745586395,393,112,751,573
653,39,0.473567396402359,1031,74,1086,234
653,77,0.40324920415878296,1331,7,1813,1005
653,72,0.3964081406593323,405,185,1276,1044
653,0,0.39090389013290405,293,550,863,1067
653,39,0.31801462173461914,1082,83,1129,241
653,72,0.3126523494720459,660,159,1281,1059
653,45,0.28508710861206055,1399,880,1685,1003
653,75,0.27604952454566956,1347,18,1812,1002
653,11,0.25411471724510193,393,110,751,573
654,39,0.47682181000709534,1031,75,1086,234
654,77,0.4498259425163269,1332,6,1813,1006
654,72,0.4491691589355469,674,190,1278,1045
654,0,0.4487006366252899,293,546,990,1067
654,39,0.30182453989982605,1082,83,1129,241
654,75,0.2653501033782959,1348,17,1812,1001
654,45,0.2564098834991455,1399,880,1685,1003
654,72,0.25372302532196045,193,186,1286,1062
655,39,0.4773159325122833,1031,75,1086,234
655,72,0.4533226191997528,674,190,1278,1044
655,77,0.4503159523010254,1332,6,1813,1006
655,0,0.4498137831687927,293,545,990,1067
655,39,0.3011673390865326,1082,83,1129,241
655,75,0.26558610796928406,1348,17,1812,1001
655,0,0.26392847299575806,290,195,988,1068
655,45,0.2569023370742798,1399,880,1685,1003
655,72,0.25624194741249084,193,186,1286,1063
656,0,0.5058677792549133,318,553,899,1070
656,39,0.4800529181957245,1032,75,1086,233
656,77,0.44722050428390503,1332,7,1813,1006
656,72,0.4113417863845825,778,196,1275,1036
656,77,0.2984849810600281,320,554,897,1073
656,39,0.2968866229057312,1083,85,1129,243
656,75,0.2591005563735962,1348,19,1812,1001
657,0,0.5094324946403503,318,553,899,1070
657,39,0.48129186034202576,1032,75,1086,233
657,77,0.44525983929634094,1332,7,1813,1006
657,72,0.4071844518184662,778,196,1275,1036
657,39,0.29832810163497925,1083,85,1129,243
657,77,0.2965324819087982,320,554,897,1073
657,75,0.25889191031455994,1348,19,1812,1001
658,0,0.5033145546913147,318,553,899,1070
658,39,0.4804260730743408,1032,75,1086,233
658,77,0.4469098150730133,1332,7,1813,1006
658,72,0.4123286306858063,779,196,1275,1036
658,77,0.30027008056640625,320,554,897,1073
658,39,0.2982209026813507,1083,85,1129,243
658,75,0.25908535718917847,1348,19,1812,1001
659,39,0.5153475999832153,1032,75,1086,232
659,72,0.44791072607040405,746,166,1274,1042
659,77,0.4369887411594391,1333,7,1813,1005
659,39,0.33477312326431274,1083,84,1129,240
659,0,0.264671266078949,337,532,839,1069
659,0,0.2629906237125397,337,206,895,1070
659,75,0.25676265358924866,1348,19,1812,1002
659,45,0.2511559724807739,1399,880,1685,1003
660,39,0.5171192288398743,1032,75,1086,232
660,72,0.4444018304347992,746,166,1274,1042
660,77,0.4362432062625885,1333,7,1813,1005
660,39,0.3356378674507141,1083,84,1129,240
660,0,0.2735591530799866,336,206,895,1070
660,75,0.2569235563278198,1348,19,1812,1002
660,0,0.25335609912872314,337,529,840,1069
660,45,0.2521699070930481,1399,880,1685,1003
661,39,0.5087523460388184,1032,75,1086,233
661,77,0.47499552369117737,1333,7,1813,1005
661,72,0.3973999619483948,746,172,1276,1041
661,0,0.36430996656417847,341,513,826,1068
661,39,0.3129531741142273,1082,85,1129,243
662,39,0.5086392760276794,1032,75,1086,233
662,77,0.47339025139808655,1333,7,1813,1005
662,72,0.4012835621833801,746,173,1276,1041
662,0,0.35345107316970825,341,512,825,1068
662,39,0.3125651180744171,1082,85,1129,243
663,39,0.507286548614502,1032,75,1086,233
663,77,0.4745807647705078,1333,7,1813,1005
663,72,0.39736732840538025,747,173,1276,1041
663,0,0.35683879256248474,341,514,826,1068
663,39,0.3112783432006836,1082,85,1129,243
664,39,0.5242886543273926,1032,75,1086,233
664,77,0.47673478722572327,1333,7,1813,1005
664,0,0.43967118859291077,345,541,840,1069
664,72,0.38894301652908325,760,175,1277,1056
664,39,0.3261500298976898,1082,85,1129,243
723,11,0.26809296011924744,654,340,963,627
724,11,0.2716205418109894,654,340,963,627
733,61,0.38742947578430176,1222,800,1418,919
733,45,0.3862577974796295,1224,799,1417,917
734,45,0.3901333510875702,1224,799,1417,917
734,61,0.38879498839378357,1222,800,1418,919
735,61,0.28361839056015015,1225,801,1418,919
736,61,0.27913784980773926,1225,801,1418,919
737,61,0.27903851866722107,1225,801,1418,919
738,45,0.3775670826435089,1225,797,1418,917
739,45,0.37749162316322327,1225,797,1418,917
740,45,0.4608934223651886,1224,798,1418,916
741,45,0.46556976437568665,1224,798,1418,916
742,45,0.46795520186424255,1224,798,1418,916
743,11,0.48460009694099426,654,326,959,626
743,45,0.27576780319213867,1224,797,1418,916
744,11,0.4746874272823334,654,326,959,626
744,45,0.27166277170181274,1224,797,1418,916
745,45,0.48461365699768066,1224,797,1418,917
745,11,0.31479132175445557,654,338,963,626
746,45,0.4835893511772156,1224,797,1418,917
746,11,0.31979870796203613,654,338,963,626
747,45,0.48377466201782227,1224,797,1418,917
747,11,0.319857120513916,654,338,963,626
748,45,0.4412088096141815,1224,797,1418,916
748,11,0.362687349319458,664,336,961,629
749,45,0.4463752210140228,1224,797,1418,916
749,11,0.3666568994522095,664,336,961,629
750,11,0.5116885304450989,672,343,964,632
750,45,0.3681378960609436,1224,797,1418,916
751,11,0.5015392899513245,671,343,964,632
751,45,0.36757537722587585,1224,797,1418,916
752,11,0.4984447658061981,670,343,964,632
752,45,0.3629228174686432,1224,797,1418,916
753,11,0.5150250196456909,698,348,963,636
753,45,0.40727296471595764,1224,798,1418,916
754,11,0.5128018856048584,698,348,963,636
754,45,0.40876004099845886,1224,798,1418,916
755,11,0.661138117313385,709,364,968,640
755,45,0.5334637761116028,1224,798,1418,916
756,11,0.6574082970619202,709,363,968,640
756,45,0.5340195894241333,1224,798,1418,916
757,11,0.6575195789337158,709,363,968,640
757,45,0.5317456722259521,1224,798,1418,916
758,11,0.636740505695343,708,371,966,643
758,45,0.6112964153289795,1224,798,1418,916
759,11,0.6358458995819092,708,371,966,643
759,45,0.6127893924713135,1224,798,1418,916
760,45,0.6565567255020142,1224,798,1418,916
761,45,0.6603777408599854,1224,798,1418,916
762,45,0.6626520752906799,1224,798,1418,916
762,0,0.25258392095565796,450,612,1211,1072
763,45,0.6375505328178406,1224,798,1418,916
763,0,0.5399760007858276,446,521,1160,1073
764,45,0.6287795901298523,1224,798,1418,916
764,0,0.48494401574134827,446,520,1161,1073
765,0,0.6760307550430298,446,562,1156,1071
765,45,0.6546255946159363,1224,798,1418,916
765,11,0.27984100580215454,685,341,945,631
766,0,0.671929657459259,446,563,1156,1071
766,45,0.6533501744270325,1224,798,1418,916
766,11,0.2705034613609314,685,341,945,631
767,0,0.6673071980476379,446,563,1156,1071
767,45,0.6520668864250183,1224,798,1418,916
767,11,0.26576051115989685,685,341,945,631
768,45,0.6382089853286743,1224,798,1418,917
768,0,0.5735510587692261,451,558,1151,1072
769,45,0.6369454860687256,1224,798,1418,917
769,0,0.5494455099105835,451,558,1151,1072
770,0,0.6320682764053345,451,625,1249,1071
770,11,0.340923547744751,640,335,957,636
771,0,0.6158207654953003,451,625,1250,1072
771,11,0.3499378561973572,639,335,957,636
772,0,0.6201796531677246,451,625,1249,1071
772,11,0.35010725259780884,639,335,957,636
773,0,0.7280117273330688,461,619,1246,1072
773,45,0.583659291267395,1222,797,1417,916
773,11,0.2619033753871918,620,336,967,637
774,0,0.729703962802887,461,619,1246,1072
774,45,0.5941282510757446,1222,797,1417,917
774,11,0.26036906242370605,620,336,967,637
775,0,0.6712588667869568,476,622,1140,1069
775,11,0.5040259957313538,633,358,975,640
775,45,0.4225665330886841,1223,797,1417,917
776,0,0.674793541431427,476,622,1141,1069
776,11,0.5118792057037354,633,358,975,641
776,45,0.4222449064254761,1223,797,1417,917
777,0,0.6764774322509766,476,623,1141,1069
777,11,0.5091573596000671,633,358,975,641
777,45,0.4234408438205719,1223,797,1417,917
778,0,0.6451711058616638,494,347,1219,1070
778,45,0.5218298435211182,1224,796,1418,918
779,0,0.6482439041137695,494,347,1219,1070
779,45,0.5442468523979187,1224,796,1418,918
780,0,0.7923548221588135,517,404,1203,1068
780,45,0.6831565499305725,1227,794,1421,916
781,45,0.661294162273407,1235,786,1430,906
781,0,0.40674299001693726,525,379,1185,1067
782,45,0.6662254333496094,1235,786,1430,906
782,0,0.42145881056785583,525,379,1186,1067
783,0,0.9101236462593079,674,405,1097,1076
783,45,0.717339038848877,1247,767,1440,891
784,0,0.9100373983383179,684,371,1116,1074
784,45,0.7532944083213806,1263,750,1456,868
785,45,0.5809392929077148,1277,725,1472,851
785,0,0.4911741316318512,733,330,1109,1070
786,0,0.8968297243118286,743,310,1125,1070
786,45,0.7991809844970703,1294,705,1486,831
787,0,0.8968014121055603,743,310,1125,1070
787,45,0.8019325137138367,1294,705,1486,831
788,45,0.8204739689826965,1307,689,1502,811
788,0,0.7604299187660217,754,314,1162,1074
789,45,0.7137784957885742,1321,670,1515,795
789,0,0.6761758923530579,763,275,1172,1073
789,74,0.31684666872024536,837,87,953,219
790,45,0.7512715458869934,1326,663,1524,785
790,74,0.5586230158805847,843,75,963,205
790,70,0.345022588968277,207,600,383,756
790,0,0.34475648403167725,764,289,1447,1073
790,72,0.25606805086135864,501,515,673,1072
791,0,0.6446404457092285,763,259,1449,1073
791,45,0.6423510313034058,1330,659,1528,781
791,74,0.4318326413631439,846,71,964,197
792,0,0.6494559645652771,763,259,1449,1073
792,45,0.6414604187011719,1330,659,1528,781
792,74,0.4267958700656891,846,71,964,197
793,0,0.9063395261764526,750,275,1362,1070
793,45,0.6668460369110107,1330,660,1527,783
793,74,0.6161521077156067,846,71,964,197
794,0,0.9055786728858948,750,275,1362,1070
794,45,0.6664105653762817,1330,660,1527,783
794,74,0.6154327392578125,846,71,964,197
795,0,0.8278250098228455,742,318,1321,1066
795,45,0.6345599889755249,1330,660,1527,783
795,74,0.582173764705658,846,71,964,197
796,0,0.8247989416122437,742,318,1322,1066
796,45,0.6360130906105042,1330,660,1527,783
796,74,0.5796607732772827,846,71,964,197
797,0,0.8268744349479675,742,318,1322,1066
797,45,0.6351950764656067,1330,660,1527,783
797,74,0.5776479840278625,846,71,964,197
798,0,0.9153464436531067,695,321,1255,1068
798,45,0.615706741809845,1330,663,1528,782
798,74,0.5271691679954529,846,71,964,197
799,0,0.9156843423843384,695,321,1255,1068
799,45,0.6106796264648438,1330,663,1528,782
799,74,0.526820957660675,846,71,964,197
800,45,0.6044906973838806,1330,663,1528,782
800,0,0.48945462703704834,756,350,1185,1064
800,74,0.4747626483440399,846,71,964,197
801,45,0.6045237183570862,1330,663,1528,782
801,0,0.484917551279068,756,350,1185,1064
801,74,0.4770084619522095,846,71,964,197
802,45,0.6041577458381653,1330,663,1528,782
802,0,0.49933600425720215,756,350,1185,1064
802,74,0.47414541244506836,846,71,964,197
803,0,0.7242699861526489,758,349,1004,1072
803,45,0.6038886904716492,1330,659,1527,784
803,74,0.42736756801605225,846,71,964,198
804,0,0.7205997705459595,758,351,1004,1071
804,45,0.6057572960853577,1330,659,1527,784
804,74,0.42600274085998535,846,71,964,198
805,0,0.6552790999412537,629,358,976,1068
805,45,0.5977067351341248,1330,659,1527,784
805,74,0.48522382974624634,846,71,964,197
806,0,0.6748834252357483,629,358,976,1068
806,45,0.5950018763542175,1330,659,1527,784
806,74,0.49076253175735474,846,71,964,197
807,0,0.6797128319740295,629,358,976,1068
807,45,0.5937635898590088,1330,659,1527,784
807,74,0.49763256311416626,846,71,964,197
808,45,0.5985640287399292,1330,659,1527,784
808,74,0.5864009857177734,846,71,964,197
809,45,0.5984333753585815,1330,659,1527,784
809,74,0.5859607458114624,846,71,964,197
810,0,0.7621513605117798,584,354,974,1059
810,45,0.5996255278587341,1330,659,1527,784
810,74,0.4879927933216095,846,71,964,197
811,0,0.7612950205802917,586,355,974,1059
811,45,0.5982948541641235,1330,659,1527,784
811,74,0.48757949471473694,846,71,964,197
812,0,0.7656341791152954,586,355,974,1059
812,45,0.5987184047698975,1330,659,1527,784
812,74,0.4865058362483978,846,71,964,197
813,0,0.8122469782829285,605,359,968,1073
813,45,0.6097721457481384,1330,659,1527,784
813,74,0.5235177874565125,846,71,964,197
814,0,0.8053035736083984,605,357,968,1073
814,45,0.608948290348053,1330,659,1527,784
814,74,0.5252035856246948,846,71,964,197
815,0,0.8330519199371338,597,330,970,1073
815,45,0.6016046404838562,1330,659,1527,784
815,74,0.45869898796081543,846,71,964,197
816,0,0.8796973824501038,596,330,969,1073
816,45,0.6097148060798645,1330,659,1527,784
816,74,0.5525417327880859,846,71,964,197
817,0,0.8784282803535461,596,330,969,1073
817,45,0.6097210645675659,1330,659,1527,784
817,74,0.5511960983276367,846,71,964,197
818,0,0.8783678412437439,596,329,969,1073
818,45,0.6104532480239868,1330,659,1527,784
818,74,0.5492067337036133,846,71,964,197
819,0,0.7785221338272095,631,363,977,1061
819,45,0.6198960542678833,1330,659,1527,784
819,74,0.4766586720943451,846,71,964,198
820,0,0.7740991711616516,630,364,977,1060
820,45,0.6189557313919067,1330,659,1527,784
820,74,0.4760579764842987,846,71,964,198
829,37,0.3669108748435974,178,86,988,1062
829,11,0.3485328257083893,1218,156,1426,354
829,0,0.2914581298828125,1235,169,1489,949
830,0,0.34953612089157104,1209,162,1486,934
830,11,0.2802373170852661,1217,157,1424,359
831,0,0.7335654497146606,1196,156,1568,1072
831,2,0.395937442779541,362,3,1917,1075
832,0,0.7362781167030334,1196,156,1568,1072
832,2,0.39460209012031555,362,3,1917,1075
833,0,0.8163310289382935,1193,162,1564,1072
833,2,0.38864633440971375,346,3,1917,1079
834,11,0.2964094579219818,1209,171,1504,472
835,11,0.2514570951461792,1209,176,1499,474
836,25,0.3352086544036865,179,55,1880,1063
836,0,0.27224236726760864,912,171,1605,1068
836,2,0.26922228932380676,334,3,1917,1080
837,25,0.33398520946502686,179,56,1881,1063
837,0,0.2794940173625946,913,171,1605,1068
837,2,0.2701835632324219,334,3,1917,1080
838,0,0.470562219619751,915,179,1603,1069
838,25,0.3833283483982086,182,59,1858,1064
838,2,0.3821069896221161,356,3,1917,1080
839,11,0.346247136592865,1191,186,1537,521
840,11,0.33828821778297424,1191,185,1537,521
844,2,0.41007736325263977,417,3,1918,1080
844,11,0.31720981001853943,1174,195,1527,534
845,2,0.3894306421279907,415,3,1919,1080
845,11,0.30985474586486816,1174,195,1527,534
846,11,0.2815810739994049,1176,198,1510,531
847,11,0.2721214294433594,1176,197,1511,531
848,11,0.27170056104660034,1177,199,1511,531
851,2,0.2603742182254791,358,2,1918,1080
852,2,0.2614467442035675,357,2,1918,1080
853,2,0.2637101113796234,354,2,1918,1080
854,2,0.4045972526073456,332,0,1917,1080
855,2,0.3788638412952423,331,0,1918,1080
856,2,0.317813903093338,165,7,1918,1080
856,74,0.25150513648986816,410,264,1167,1065
857,2,0.31768956780433655,165,7,1918,1080
857,74,0.2599903643131256,411,264,1167,1065
858,2,0.3214557468891144,168,7,1918,1080
859,0,0.4119087755680084,356,167,1117,1075
860,0,0.4123936891555786,356,165,1117,1075
864,0,0.3545597493648529,464,584,1195,1064
865,0,0.3637216091156006,464,585,1195,1064
866,0,0.4299074113368988,493,562,1220,1062
867,0,0.42852893471717834,489,560,1208,1063
868,0,0.4233664274215698,489,560,1206,1062
869,11,0.6650631427764893,773,190,1136,573
869,31,0.3529212176799774,1132,555,1326,938
869,0,0.28320741653442383,494,567,1212,1061
870,11,0.6534807085990906,773,190,1136,573
870,31,0.3443877398967743,1132,555,1326,938
870,0,0.26926499605178833,494,567,1212,1061
871,0,0.39309877157211304,499,50,1326,1067
871,11,0.28768137097358704,778,203,1132,573
872,0,0.39154085516929626,499,50,1326,1067
872,11,0.2783610224723816,778,203,1132,573
873,0,0.39067888259887695,499,50,1326,1067
873,11,0.27430370450019836,778,202,1132,573
874,0,0.48277491331100464,503,93,1337,1072
875,0,0.4777008295059204,503,94,1337,1072
879,0,0.34156984090805054,511,417,1165,1073
879,11,0.2533010244369507,775,209,1128,574
880,0,0.3410571217536926,511,417,1165,1073
880,11,0.2535576820373535,775,209,1128,574
894,77,0.305454283952713,510,572,1171,1072
895,77,0.2930091917514801,510,572,1171,1072
896,77,0.2630508542060852,508,570,1124,1069
897,77,0.25206854939460754,508,570,1123,1069
898,77,0.26972779631614685,508,570,1124,1069
899,77,0.2708633244037628,506,575,1155,1070
900,77,0.2781330943107605,506,575,1154,1070
904,77,0.31035828590393066,507,576,1132,1068
905,77,0.3108128607273102,507,576,1132,1068
906,77,0.2814887464046478,506,574,1131,1069
907,77,0.277029424905777,506,574,1131,1069
908,77,0.2797500789165497,506,574,1131,1069
909,77,0.32865652441978455,507,571,1125,1071
910,77,0.32203254103660583,507,571,1125,1071
911,77,0.3039706349372864,508,571,1125,1071
912,77,0.3045637905597687,508,571,1125,1071
917,0,0.25148600339889526,506,554,1295,1067
956,33,0.4930128753185272,290,88,1442,1070
956,0,0.34260815382003784,190,75,1707,1071
956,33,0.2822386920452118,1341,653,1682,1072
957,33,0.49509894847869873,290,88,1441,1070
957,0,0.3411300778388977,191,75,1707,1071
957,33,0.2861018478870392,1341,653,1682,1072
958,33,0.49059051275253296,286,87,1439,1070
958,0,0.34277182817459106,189,75,1708,1071
958,33,0.290503591299057,1341,654,1682,1072
959,33,0.7478636503219604,1370,457,1735,828
959,33,0.527262806892395,496,137,1450,1062
960,33,0.7501853108406067,1370,457,1735,827
960,33,0.5285103917121887,496,138,1450,1062
961,33,0.4233308732509613,502,173,1538,1066
962,33,0.4221826195716858,502,173,1538,1066
963,33,0.4242337942123413,502,173,1538,1066
964,33,0.7866103649139404,1374,462,1735,832
964,33,0.5082103610038757,365,161,1628,1069
965,33,0.7898821234703064,1374,462,1735,832
965,33,0.5072821974754333,348,161,1623,1069
965,0,0.2522892355918884,279,188,1434,1068
969,33,0.42103588581085205,444,20,1581,1069
969,0,0.29830849170684814,527,47,1590,1067
970,33,0.3233006000518799,338,90,1601,1060
971,33,0.319964736700058,335,90,1601,1060
972,33,0.32217806577682495,338,90,1601,1059
973,33,0.5121405124664307,360,155,1602,1066
974,33,0.517533004283905,356,154,1602,1066
975,33,0.29604870080947876,360,164,1605,1062
975,33,0.2677817940711975,872,166,1297,613
976,33,0.294185072183609,367,164,1605,1062
976,33,0.28434714674949646,873,166,1297,613
977,33,0.294639527797699,364,162,1605,1062
977,33,0.27594050765037537,872,166,1297,613
978,33,0.3561142086982727,357,116,1606,1060
978,33,0.252839595079422,879,154,1288,618
979,33,0.3533129096031189,360,116,1606,1059
980,33,0.3151401877403259,878,150,1285,620
980,33,0.3108562231063843,1275,403,1586,837
980,33,0.29837414622306824,387,117,1600,1063
981,33,0.3095254898071289,878,150,1284,620
981,33,0.3027239441871643,385,115,1601,1063
981,33,0.3023448586463928,1275,403,1586,837
982,33,0.3112146258354187,878,150,1285,620
982,33,0.3088653087615967,384,115,1601,1063
982,33,0.29728642106056213,1275,403,1586,837
983,33,0.37990620732307434,349,112,1625,1063
984,33,0.3815842866897583,345,110,1625,1063
985,33,0.3104632496833801,1166,425,1607,979
986,33,0.3119387626647949,1166,424,1607,979
987,33,0.3139322102069855,1165,424,1607,979
988,33,0.36562100052833557,1156,451,1629,985
988,33,0.33378836512565613,978,453,1629,1012
989,33,0.3630128502845764,1156,451,1629,985
989,33,0.3317742347717285,978,453,1629,1011
990,33,0.3362978398799896,317,255,1617,1060
990,0,0.27894797921180725,285,433,1256,1063
990,33,0.26839596033096313,866,154,1325,594
991,33,0.3396120071411133,318,256,1618,1060
991,0,0.3043876588344574,285,433,1261,1063
991,33,0.2705284059047699,867,157,1322,594
992,33,0.3427468240261078,319,257,1618,1060
992,0,0.305210143327713,285,433,1261,1063
992,33,0.2745853364467621,867,157,1320,594
993,33,0.4854882061481476,859,77,1593,962
993,0,0.304720938205719,478,411,1032,1066
994,33,0.45141837000846863,1227,684,1771,1067
994,33,0.3052831292152405,859,194,1789,1069
994,33,0.28858888149261475,863,195,1477,723
994,33,0.2767363488674164,359,209,1578,1054
995,33,0.4509630799293518,1229,684,1771,1067
995,33,0.3108404278755188,859,193,1789,1069
995,33,0.3080245554447174,860,200,1467,723
995,33,0.26201578974723816,334,209,1577,1055
996,33,0.25571030378341675,951,692,1766,1068
997,33,0.25734201073646545,951,692,1766,1068
999,0,0.40997642278671265,510,419,1702,1067
999,33,0.2865956723690033,982,193,1419,634
999,33,0.25622522830963135,1409,736,1775,1074
1000,0,0.4136844873428345,513,419,1703,1067
1000,33,0.29254692792892456,982,193,1420,634
1000,33,0.2532970905303955,1407,737,1775,1074
1000,0,0.25107431411743164,514,423,1215,1068
1001,33,0.32790932059288025,960,136,1411,594
1002,33,0.3250765800476074,960,136,1411,594
1003,33,0.32942941784858704,960,136,1411,594
1004,33,0.4777849614620209,1170,642,1712,1059
1004,33,0.3539851903915405,954,215,1483,872
1005,33,0.47745633125305176,1170,642,1712,1059
1005,33,0.3543538749217987,955,218,1503,791
1005,33,0.25482720136642456,959,217,1487,1035
1006,33,0.7317939400672913,983,251,1546,1059
1006,75,0.3050495982170105,112,793,201,928
1007,33,0.7319281101226807,983,251,1546,1059
1007,75,0.3005658686161041,112,793,201,928
1008,33,0.7294606566429138,984,251,1546,1059
1008,75,0.30119308829307556,112,793,201,928
1012,33,0.2544648349285126,1053,200,1569,661
1013,33,0.32269707322120667,997,131,1539,577
1013,33,0.3224110007286072,1372,119,1545,326
1013,37,0.27731892466545105,1406,838,1762,1080
1014,33,0.322580486536026,1372,119,1545,325
1014,33,0.32110396027565,997,131,1538,578
1014,37,0.29410436749458313,1406,838,1762,1080
1015,33,0.6227284669876099,323,408,1654,1044
1015,33,0.40466779470443726,967,133,1464,555
1015,33,0.2900281250476837,326,146,1737,1048
1016,33,0.582880437374115,271,377,1753,1068
1016,33,0.5477761626243591,965,96,1483,566
1016,33,0.36998239159584045,299,86,1745,1069
1016,33,0.3461190164089203,361,95,1511,586
1017,33,0.5829970240592957,264,376,1754,1068
1017,33,0.5543361902236938,965,96,1483,566
1017,33,0.38696298003196716,299,86,1743,1068
1017,33,0.35444921255111694,362,95,1510,586
1018,25,0.48594680428504944,858,348,1394,1072
1018,33,0.30325421690940857,1292,620,1914,1074
1018,33,0.2872631847858429,159,307,1398,1070
1018,25,0.25038251280784607,1282,619,1914,1073
1019,25,0.5132369995117188,846,340,1412,1073
1019,33,0.4874562919139862,1295,616,1917,1068
1019,33,0.2811449468135834,837,341,1409,1069
1020,74,0.7920602560043335,1607,305,1919,729
1021,74,0.8394692540168762,1602,308,1919,727
1022,74,0.7987208366394043,1603,308,1919,727
1023,74,0.7100130915641785,1595,386,1919,732
1024,74,0.8616858124732971,1574,328,1919,745
1024,0,0.2523452639579773,711,398,1096,1062
1025,74,0.8743495345115662,1545,359,1919,754
1025,0,0.5841254591941833,588,405,1070,1052
1026,74,0.6724478602409363,1467,411,1843,777
1026,0,0.3805209994316101,622,452,1055,1019
1027,74,0.673762321472168,1467,411,1843,777
1027,0,0.38122305274009705,622,452,1055,1021
1028,74,0.6657981276512146,1460,397,1833,771
1028,11,0.35395872592926025,654,342,758,492
1029,74,0.292782723903656,1445,416,1840,773
1030,0,0.572593629360199,663,293,995,1041
1030,74,0.3835607171058655,1442,409,1828,771
1031,74,0.4015011787414551,1443,413,1829,766
1032,74,0.4065493047237396,1443,413,1829,766
1033,0,0.37407419085502625,673,277,1004,1040
1034,0,0.5281921029090881,679,277,1007,1038
1034,74,0.5031890273094177,1452,396,1832,759
1035,74,0.5633068680763245,1455,389,1837,760
1035,0,0.3846161663532257,683,306,1066,1041
1035,25,0.29383349418640137,0,7,683,777
1036,74,0.6030438542366028,1460,398,1838,759
1036,0,0.5569483041763306,677,306,1114,1042
1036,0,0.3413628935813904,0,248,278,716
1037,74,0.5832777619361877,1460,399,1838,759
1037,0,0.5456641316413879,677,306,1114,1042
1037,0,0.32929787039756775,0,248,278,716
1037,25,0.26960399746894836,1,7,705,811
1038,74,0.4343335032463074,1460,427,1841,763
1038,9,0.2624365985393524,207,437,379,801
1039,74,0.6027312874794006,1463,414,1850,763
1041,74,0.3282230794429779,1470,423,1850,752
1042,74,0.34349364042282104,1467,430,1848,774
1043,0,0.6819844841957092,701,396,1020,1046
1043,74,0.333829402923584,1466,434,1847,772
1044,0,0.35700294375419617,656,478,1010,1044
1044,74,0.25294601917266846,1468,430,1847,748
1045,0,0.6944663524627686,641,483,1016,1046
1046,0,0.8237215280532837,663,319,995,1046
1047,0,0.8236986398696899,663,319,995,1046
1048,0,0.8039150834083557,678,312,998,1047
1048,74,0.33471328020095825,1464,432,1838,763
1048,9,0.29704758524894714,0,131,256,654
1049,11,0.2798776924610138,0,142,254,654
1051,74,0.37308165431022644,1460,427,1833,758
1052,74,0.3674446940422058,1460,427,1833,758
1053,25,0.4240937829017639,0,63,263,742
1053,74,0.3965652287006378,1467,430,1829,765
1054,25,0.5079682469367981,260,2,1331,1042
1055,25,0.5245295166969299,267,2,1336,1043
1056,25,0.47375181317329407,299,0,1293,999
1057,25,0.4660640060901642,299,0,1293,998
1058,25,0.45317181944847107,293,1,1289,1005
1059,25,0.37826597690582275,302,6,1333,1049
1060,25,0.33092331886291504,287,6,1334,1043
1061,0,0.2675650417804718,1,5,459,1062
1062,0,0.28964298963546753,1,5,459,1062
1063,25,0.2529681622982025,306,2,1319,992
1064,25,0.5058299899101257,319,1,1338,974
1064,0,0.25630703568458557,0,322,266,1061
1065,25,0.48630818724632263,322,1,1339,985
1066,25,0.7240831255912781,311,0,1402,940
1066,0,0.3164381682872772,0,313,274,1062
1067,25,0.7169257998466492,310,0,1402,949
1067,0,0.3210786283016205,0,311,274,1062
1068,25,0.7538329362869263,325,0,1399,968
1069,33,0.5163053870201111,1746,96,1919,630
1069,25,0.47455817461013794,290,0,1508,1067
1070,33,0.5492767691612244,1746,101,1919,620
1070,25,0.4127187728881836,279,0,1509,1063
1070,0,0.26605847477912903,0,328,262,1063
1071,25,0.477896124124527,675,600,1137,992
1071,33,0.3467825651168823,306,0,1526,1036
1071,25,0.29056844115257263,324,0,1526,1028
1071,33,0.2726716697216034,986,605,1438,1070
1072,25,0.47140029072761536,675,600,1137,992
1072,33,0.35512861609458923,305,0,1526,1036
1072,25,0.2872110605239868,324,0,1526,1028
1072,33,0.2621467411518097,986,605,1438,1070
1073,25,0.6384849548339844,748,4,1477,664
1074,25,0.7164610028266907,744,4,1498,671
1075,33,0.3671102821826935,314,363,1192,957
1076,33,0.32365456223487854,314,373,1192,964
1076,25,0.32127052545547485,315,366,1181,963
1077,25,0.3273271918296814,315,366,1181,963
1077,33,0.3224497139453888,314,373,1192,964
1078,25,0.3758677840232849,321,372,1213,920
1078,0,0.3286800980567932,0,374,259,1068
1078,33,0.27643218636512756,724,375,1228,900
1079,0,0.6141695976257324,1,5,551,1069
1079,25,0.4219478964805603,786,11,1499,711
1080,33,0.39832988381385803,292,377,1234,971
1080,0,0.32196152210235596,1,2,559,1068
1081,33,0.45381447672843933,310,382,1248,916
1081,0,0.3825545310974121,0,391,239,1064
1082,33,0.4525333046913147,310,382,1246,917
1082,0,0.3776760399341583,0,391,239,1064
1083,33,0.4045625627040863,738,393,1236,905
1083,0,0.30534857511520386,0,397,239,1065
1083,33,0.30375945568084717,313,379,1256,929
1084,25,0.6574675440788269,1086,218,1610,723
1084,0,0.598319411277771,70,70,846,1066
1084,25,0.32121312618255615,711,410,1404,896
1084,33,0.26402392983436584,719,391,1409,907
1085,0,0.3139650821685791,367,216,1084,1069
1085,25,0.2919222414493561,1221,342,1653,767
1085,33,0.2794085741043091,912,530,1484,910
1086,0,0.759334921836853,541,290,1147,1071
1086,33,0.4123947024345398,1031,516,1548,904
1087,0,0.7596376538276672,542,290,1147,1071
1087,33,0.41025203466415405,1031,517,1548,904
1088,0,0.582663357257843,484,340,1218,1072
1089,0,0.6721903681755066,683,368,1278,1069
1090,0,0.480035662651062,697,383,1297,1070
1091,0,0.5903709530830383,760,384,1277,1073
1092,0,0.5973238348960876,761,384,1278,1073
1093,0,0.5538190007209778,732,382,1289,1073
1093,11,0.29896149039268494,906,175,1104,382
1094,0,0.6103230714797974,769,381,1289,1073
1094,11,0.35487398505210876,906,174,1109,384
1095,11,0.7855453491210938,903,172,1111,380
1095,0,0.580717146396637,581,385,1261,1072
1096,11,0.7544827461242676,903,170,1111,379
1096,0,0.6878737807273865,763,386,1273,1074
1097,11,0.7516283392906189,903,170,1111,379
1097,0,0.6848448514938354,764,386,1273,1074
1098,0,0.42228788137435913,547,381,1369,1073
1098,0,0.29758456349372864,542,59,1372,1073
1099,0,0.5294156670570374,555,375,1391,1072
1100,0,0.8051807880401611,543,83,1410,1074
1100,33,0.4536140263080597,1142,588,1627,877
1101,0,0.735948920249939,541,54,1424,1074
1101,33,0.36770498752593994,1142,583,1666,880
1102,0,0.7343271374702454,542,54,1423,1074
1102,33,0.3656092882156372,1142,576,1671,880
1102,33,0.25308701395988464,1143,380,1688,892
1103,0,0.8665142059326172,548,161,1398,1074
1103,33,0.4602377414703369,1154,589,1619,874
1103,25,0.277645468711853,0,200,200,510
1104,0,0.879804790019989,554,155,1393,1073
1104,25,0.4985036551952362,0,199,201,476
1104,33,0.3751351237297058,1153,380,1686,873
1104,33,0.30560076236724854,1154,588,1617,873
1105,0,0.7755735516548157,552,153,1401,1072
1105,25,0.40479418635368347,0,197,200,471
1105,33,0.3350246250629425,1138,383,1683,884
1106,0,0.8520955443382263,551,155,1402,1072
1107,0,0.8513476848602295,552,155,1402,1072
1108,0,0.580984354019165,479,90,1182,1069
1109,0,0.4617116451263428,480,132,1180,1071
1110,0,0.45103147625923157,675,231,1460,1070
1110,0,0.3756482005119324,675,231,1185,1068
1111,0,0.43206679821014404,653,227,1409,1072
1111,0,0.4057706296443939,643,225,1191,1077
1112,0,0.4392774701118469,651,227,1411,1072
1112,0,0.40875953435897827,637,226,1192,1077
1113,0,0.7839730381965637,477,251,1206,1078
1114,0,0.6844623684883118,477,246,1205,1078
1115,0,0.8090704083442688,480,261,1207,1078
1116,0,0.6923311352729797,475,275,1204,1078
1116,9,0.31730467081069946,1805,772,1919,1074
1117,0,0.6983272433280945,475,274,1204,1078
1117,9,0.321898490190506,1805,771,1919,1074
1118,9,0.29945048689842224,1806,772,1919,1074
1129,61,0.290472149848938,857,868,1129,1077
1131,0,0.33155202865600586,573,119,1235,1066
1131,61,0.2785416841506958,876,870,1142,1079
1132,61,0.29956355690956116,876,870,1142,1079
1132,0,0.29400163888931274,573,119,1237,1067
1138,0,0.518231987953186,13,6,1912,1066
1139,0,0.3245219588279724,22,7,1901,1068
1153,6,0.28013917803764343,1568,143,1919,691
1154,0,0.7019546031951904,715,143,917,525
1155,0,0.33540549874305725,8,2,1655,1062
1156,4,0.3393821120262146,25,77,1659,1063
1156,0,0.30341121554374695,10,16,1843,1065
1157,4,0.33882832527160645,24,76,1661,1063
1157,0,0.28893330693244934,10,15,1843,1065
1159,4,0.2708616554737091,13,0,1888,1066
1160,4,0.38065284490585327,101,66,1890,1062
1161,4,0.3721245527267456,20,1,1918,1063
1161,0,0.28206866979599,768,985,897,1078
1162,4,0.37840548157691956,20,1,1918,1063
1162,0,0.2858829200267792,768,985,897,1078
1163,4,0.5655909776687622,23,16,1904,1063
1163,0,0.32629209756851196,1,49,1651,1071
1164,4,0.7466917037963867,9,9,1916,1064
1164,0,0.3785700500011444,2,3,814,1065
1165,0,0.31685882806777954,2,2,1030,1063
1165,0,0.29132315516471863,2,7,645,1074
1166,67,0.42895179986953735,233,218,938,511
1166,65,0.27828648686408997,236,215,930,509
1167,67,0.42187029123306274,233,218,939,511
1167,65,0.2685543894767761,238,215,930,509
1168,0,0.3191400468349457,0,4,543,532
1168,71,0.2908453345298767,1,352,1203,1052
1169,0,0.30298078060150146,1,198,322,1076
1169,0,0.26427018642425537,0,5,496,526
1170,71,0.35912203788757324,4,2,1171,1056
1170,66,0.35343611240386963,413,267,817,574
1171,61,0.2529730796813965,7,0,1504,1058
1172,61,0.25370368361473083,3,3,1538,1071
1183,76,0.2548862397670746,1,53,1858,1010
1184,76,0.31374451518058777,1,28,1881,1019
1185,76,0.3275630474090576,2,29,1880,1019
1186,76,0.27129223942756653,2,27,1857,1029
1187,76,0.2698211669921875,2,27,1852,1028
1188,76,0.29450735449790955,2,31,1840,1032
1189,76,0.3729439973831177,2,29,1865,1027
1190,76,0.37217846512794495,2,31,1855,1028
1203,33,0.4864814579486847,925,447,1137,943
1203,33,0.3730323910713196,1244,412,1304,479
1204,33,0.2573651373386383,912,399,1112,908
1205,33,0.4027140736579895,910,403,1110,908
1206,33,0.4576123356819153,918,409,1111,910
1207,33,0.46561411023139954,918,409,1111,910
1208,33,0.29075533151626587,917,411,1110,913
1218,0,0.2923492193222046,850,299,1144,878
1220,25,0.403978556394577,0,536,132,799
1225,25,0.2559205889701843,860,581,1250,851
1226,25,0.46800345182418823,856,592,1249,862
1227,25,0.4611350893974304,856,592,1249,862
1228,25,0.5825963616371155,738,528,1411,867
1228,25,0.3295701742172241,850,321,1282,492
1228,33,0.26113009452819824,1393,571,1553,689
1229,25,0.6071159839630127,755,539,1406,875
1229,33,0.25909802317619324,1392,577,1548,696
1229,25,0.2576582431793213,854,328,1277,502
1230,25,0.8146116733551025,576,421,1519,889
1230,33,0.4733933210372925,1059,152,1319,322
1230,25,0.29467710852622986,847,263,1232,528
1231,25,0.6132137179374695,622,476,1426,881
1232,25,0.6075488328933716,622,476,1426,881
1233,33,0.5910094976425171,411,139,1311,871
1234,33,0.35903993248939514,435,269,1316,869
1249,0,0.2601583003997803,620,223,1235,844
1250,14,0.43705207109451294,759,244,1250,835
1251,14,0.49088385701179504,685,241,1239,838
1252,14,0.4871551990509033,701,241,1239,838
1255,0,0.2702825665473938,751,398,1321,829
1263,33,0.4551416337490082,1351,307,1868,1065
1263,33,0.3584215044975281,855,421,1143,515
1263,25,0.28510868549346924,439,475,1239,824
1264,25,0.42921534180641174,456,468,1251,821
1264,33,0.3761490285396576,1362,303,1883,1064
1266,25,0.33080995082855225,123,540,1309,818
1267,25,0.33198460936546326,122,540,1309,818
1269,25,0.3569405674934387,397,547,1357,809
1275,66,0.5796483755111694,472,737,1906,1066
1275,14,0.3533266484737396,792,326,1404,762
1276,66,0.4634999632835388,471,727,1886,1066
1277,66,0.47098201513290405,471,727,1886,1066
1278,75,0.8086622953414917,1497,484,1919,942
1279,75,0.7314364314079285,1475,474,1919,947
1279,66,0.28660035133361816,435,716,1901,1067
1280,14,0.7529929876327515,704,190,1649,742
1280,14,0.7091526985168457,1203,526,1918,1072
1280,14,0.46925652027130127,923,255,1085,332
1280,14,0.2616669237613678,1109,290,1169,330
1281,14,0.781507670879364,680,186,1627,739
1281,14,0.6609417796134949,1175,521,1918,1073
1281,14,0.5856989622116089,895,248,1060,331
1282,14,0.783381998538971,680,186,1627,738
1282,14,0.655645489692688,1175,521,1918,1073
1282,14,0.5852581858634949,895,248,1060,331
1283,14,0.7213747501373291,606,165,1542,736
1283,14,0.6498836278915405,857,210,1034,300
1283,14,0.33189767599105835,587,580,788,719
1284,14,0.8733230829238892,555,167,1513,736
1284,14,0.7298609018325806,830,205,1008,294
1284,14,0.275413453578949,561,576,755,711
1284,14,0.27328360080718994,1042,260,1113,305
1285,14,0.7633287310600281,575,144,1437,715
1285,14,0.5183360576629639,828,197,989,287
1285,79,0.4330146908760071,1368,347,1878,1071
1285,42,0.32986292243003845,1368,349,1877,1072
1286,14,0.5962291359901428,806,194,962,285
1286,14,0.5116305947303772,775,142,1410,715
1286,79,0.40388643741607666,1347,347,1843,1070
1286,14,0.3188425302505493,1348,348,1846,1070
1286,42,0.30749204754829407,1345,349,1837,1071
1287,14,0.6000353097915649,806,194,962,285
1287,14,0.5083781480789185,775,142,1410,715
1287,79,0.39881014823913574,1347,347,1843,1070
1287,14,0.3377043902873993,1347,349,1845,1070
1287,42,0.30179551243782043,1345,349,1836,1071
1288,25,0.4454593062400818,1679,379,1918,526
1289,14,0.33991578221321106,1655,373,1919,535
1289,33,0.28976818919181824,1658,377,1919,533
1295,0,0.2640068531036377,404,230,1151,824
1296,0,0.2556113004684448,614,241,1127,823
1297,0,0.263679563999176,614,241,1127,823
1298,0,0.450213760137558,383,378,1185,859
1299,0,0.40994229912757874,410,382,1194,861
1305,0,0.4260495603084564,547,268,1183,912
1306,0,0.4087209403514862,513,273,1182,918
1307,0,0.39110487699508667,516,273,1182,918
1309,0,0.31799736618995667,486,262,1173,926
1310,0,0.30852755904197693,462,263,1165,928
1311,0,0.26337119936943054,439,262,1169,930
1312,0,0.2591480612754822,443,262,1170,930
1318,0,0.33600372076034546,495,323,1191,970
1319,0,0.3106718063354492,505,327,1205,976
1320,0,0.461863249540329,645,223,1062,649
1321,0,0.3826633095741272,647,222,1064,648
1322,0,0.3703935146331787,648,222,1064,648
1323,0,0.25974467396736145,700,232,1065,641
1324,0,0.3592129945755005,669,229,1066,642
1325,0,0.3136517107486725,663,231,1065,641
1326,0,0.318496972322464,665,230,1063,641
1327,0,0.3138330280780792,666,230,1063,641
1328,0,0.38555842638015747,675,251,1062,639
1329,0,0.3404088318347931,674,248,1065,639
1331,0,0.294954776763916,685,302,1072,635
1332,0,0.296012818813324,683,302,1072,635
1334,0,0.27598273754119873,714,263,1081,632
1335,0,0.5058258771896362,706,252,1084,631
1336,0,0.5407989025115967,791,251,1081,627
1337,0,0.5468622446060181,793,251,1080,627
1338,0,0.676622211933136,805,247,1140,612
1339,0,0.7476825714111328,807,247,1141,611
1340,0,0.5449692010879517,808,250,1147,607
1340,29,0.39083266258239746,989,731,1260,897
1341,0,0.47896721959114075,805,251,1146,607
1341,29,0.40543055534362793,990,730,1262,899
1342,0,0.4959995448589325,805,251,1146,607
1342,29,0.3946945071220398,991,731,1263,899
1343,0,0.5592236518859863,766,263,1149,610
1344,0,0.43234550952911377,766,265,1150,610
1348,9,0.25558385252952576,1688,881,1777,1064
1351,25,0.3404179513454437,396,504,1062,645
1352,25,0.3391338884830475,396,504,1062,645
1355,15,0.2798656225204468,12,495,346,828
1364,0,0.28440022468566895,500,268,1035,627
1365,0,0.2546953856945038,501,267,1034,628
1368,9,0.265022337436676,1693,888,1783,1074
1369,14,0.3157036304473877,520,288,1035,628
1369,9,0.27399370074272156,1693,888,1783,1074
1370,14,0.2606106698513031,520,290,1037,629
1371,29,0.48502621054649353,1023,711,1276,928
1372,29,0.48359414935112,1022,711,1276,928
1373,29,0.34963610768318176,1021,713,1276,928
1374,29,0.6649963855743408,1029,715,1290,940
1375,29,0.5789467096328735,1028,716,1290,942
1375,9,0.2906361222267151,0,503,59,626
1375,9,0.28645095229148865,43,520,113,609
1376,0,0.3338169455528259,643,344,1070,632
1377,0,0.327250212430954,643,344,1070,632
1378,0,0.4110274314880371,642,344,1066,633
1379,0,0.46858957409858704,640,347,1082,633
1379,29,0.3634457290172577,1042,699,1311,947
1380,0,0.309133380651474,635,350,1084,635
1384,29,0.4896415174007416,1055,680,1329,937
1385,9,0.274034321308136,304,722,351,806
1386,9,0.32700616121292114,304,723,351,807
1387,9,0.34593865275382996,304,723,351,807
1394,0,0.5277291536331177,653,228,1057,636
1395,0,0.5380999445915222,654,228,1055,636
1395,9,0.3073732554912567,0,489,117,627
1396,9,0.2857767343521118,0,489,117,627
1397,9,0.2936721444129944,0,489,117,627
1444,0,0.5730308890342712,1,718,282,1068
1444,0,0.2604980170726776,841,4,1890,785
1445,0,0.5378910899162292,1,717,283,1068
1445,0,0.27663204073905945,842,4,1886,784
1446,74,0.6630760431289673,11,89,288,661
1446,9,0.260172963142395,310,725,361,807
1447,74,0.6627896428108215,11,92,288,661
1447,9,0.2584308087825775,310,725,361,807
1448,74,0.4646309018135071,13,151,230,661
1468,9,0.25810930132865906,1647,868,1734,1054
1469,9,0.2734077274799347,1647,868,1734,1052
1478,27,0.27680861949920654,1254,68,1428,425
1481,0,0.39437711238861084,1322,3,1917,1057
1481,27,0.30114904046058655,547,255,1410,1062
1482,0,0.39647725224494934,1322,3,1917,1057
1482,27,0.2979682385921478,547,255,1410,1062
1511,33,0.5082005858421326,1089,736,1385,1074
1512,33,0.5154563188552856,1089,736,1385,1074
1518,0,0.2525331676006317,315,37,1334,1069
1554,4,0.30279096961021423,1035,590,1344,815
1554,75,0.2720513641834259,403,118,981,1067
1555,4,0.30460822582244873,1035,590,1344,815
1555,75,0.2723797559738159,403,117,981,1067
1575,33,0.28058257699012756,739,85,1033,348
1576,0,0.3320438265800476,173,95,1871,1062
1576,0,0.33043479919433594,662,97,1807,1065
1577,0,0.32568359375,147,95,1875,1061
1577,0,0.3219144940376282,661,98,1812,1064
1578,79,0.5181214213371277,1104,432,1877,710
1578,76,0.2843601405620575,1093,433,1877,702
1578,59,0.25360384583473206,35,0,1920,1057
1579,0,0.4364837408065796,22,126,1542,1055
1579,79,0.33605268597602844,1102,438,1852,708
1580,61,0.30733630061149597,1196,911,1445,1076
1583,76,0.3549920916557312,1086,389,1806,662
1584,76,0.4074135422706604,1089,398,1784,663
1585,76,0.5089194774627686,1081,394,1766,645
1586,76,0.422236829996109,1110,398,1749,648
1586,28,0.2930465042591095,0,111,407,456
1587,76,0.42099565267562866,1109,398,1749,648
1587,28,0.2999876141548157,0,111,407,457
1591,0,0.28334566950798035,0,90,96,363
1592,0,0.27976125478744507,0,89,96,363
1593,0,0.2645927965641022,0,56,67,374
1594,28,0.3728860914707184,54,136,426,473
1594,0,0.27842655777931213,0,59,71,377
1596,61,0.289853572845459,950,560,1345,1070
1597,61,0.2573939561843872,949,559,1344,1070
1598,61,0.5224230289459229,951,564,1314,1065
1599,61,0.43805167078971863,951,564,1313,1065
1599,0,0.2805391848087311,269,152,1504,710
1600,76,0.25342339277267456,1044,388,1676,629
1601,0,0.2762032449245453,261,127,1505,712
1602,0,0.2714618742465973,261,126,1504,712
1602,76,0.25256583094596863,1055,387,1675,629
1603,25,0.33463212847709656,168,412,890,1038
1603,41,0.3167988359928131,931,565,1273,1040
1604,41,0.3951893150806427,931,563,1273,1041
1604,76,0.2611906826496124,994,384,1670,673
1604,28,0.25523847341537476,44,142,435,450
1605,41,0.6039679050445557,862,575,1223,1025
1605,76,0.49147307872772217,915,364,1636,673
1606,76,0.6546697020530701,1025,363,1640,653
1606,41,0.5728644132614136,854,556,1223,1028
1606,28,0.42511487007141113,43,137,433,445
1606,79,0.29695576429367065,1038,363,1651,656
1607,76,0.647940993309021,1024,363,1640,653
1607,41,0.5584845542907715,854,557,1223,1028
1607,28,0.43709173798561096,43,137,433,445
1607,79,0.29614686965942383,1038,363,1651,656
1608,76,0.7581747174263,998,383,1647,641
1608,41,0.5811204314231873,921,639,1185,1030
1609,41,0.5406700372695923,921,639,1191,1033
1609,76,0.502382755279541,979,379,1656,636
1611,0,0.3468213379383087,0,57,104,344
1611,4,0.3370204567909241,284,78,1775,1036
1612,0,0.3454408347606659,0,57,104,344
1612,4,0.33316391706466675,287,78,1774,1036
1615,25,0.6047766804695129,1708,539,1919,1066
1616,25,0.5294760465621948,1726,554,1919,1064
1617,25,0.527645468711853,1726,554,1919,1064
1618,33,0.4646904170513153,36,175,1573,1061
1619,33,0.7077135443687439,3,112,1551,1052
1620,25,0.4172070324420929,0,117,1075,1070
1621,25,0.39477455615997314,3,60,1164,1071
1622,25,0.39300113916397095,3,60,1166,1071
1623,25,0.7242926359176636,4,7,1218,1071
1623,25,0.3398301899433136,6,4,1751,1069
1624,25,0.6569757461547852,3,8,1326,1068
1624,25,0.48447370529174805,855,419,1534,1063
1625,25,0.6440744996070862,6,3,1618,1078
1628,25,0.45111802220344543,12,3,1906,1075
1631,33,0.25644272565841675,883,240,1060,359
1632,33,0.25674352049827576,883,240,1060,359
1634,33,0.6932567954063416,757,357,1054,575
1634,33,0.48057496547698975,913,36,1173,329
1635,33,0.49189233779907227,780,338,1071,545
1635,33,0.4444541931152344,936,47,1186,305
1636,33,0.37334173917770386,87,30,1357,1072
1637,33,0.3726976215839386,88,30,1356,1072
1640,76,0.33431538939476013,64,0,1892,1071
1641,33,0.508827269077301,752,9,1846,1079
1642,33,0.5043164491653442,753,9,1847,1079
1642,33,0.2579325735569,1016,181,1199,431
1643,33,0.5210285186767578,764,3,1779,1074
1683,0,0.2975985109806061,2,535,367,1065
1684,0,0.3550322949886322,2,536,370,1066
1685,0,0.445513516664505,1,534,355,1064
1686,0,0.4286012351512909,2,533,371,1066
1686,0,0.2776007056236267,1686,778,1919,1069
1687,0,0.39488574862480164,2,533,370,1066
1687,0,0.2672017812728882,1686,778,1919,1069
1688,0,0.36554691195487976,1,533,358,1067
1689,0,0.4640040695667267,1,527,312,1064
1689,0,0.26829496026039124,1686,778,1919,1069
1690,0,0.5309956073760986,2,531,307,1065
1690,0,0.34378302097320557,1686,777,1919,1068
1690,69,0.2581084370613098,817,574,1062,904
1691,0,0.5268233418464661,1,529,308,1066
1691,0,0.3400772511959076,1685,778,1919,1069
1691,74,0.30400997400283813,1507,193,1582,271
1692,0,0.5058000087738037,1,529,312,1066
1692,0,0.34835293889045715,1685,777,1919,1069
1692,74,0.3156312108039856,1507,193,1582,271
1692,69,0.27527567744255066,824,655,1061,897
1693,0,0.45219725370407104,1,529,300,1065
1693,69,0.28397783637046814,823,667,1062,901
1693,69,0.2698826193809509,815,575,1062,907
1694,0,0.3991033434867859,1,526,326,1066
1694,69,0.3042159974575043,823,677,1061,903
1695,0,0.43390965461730957,1,527,312,1063
1695,69,0.3108336329460144,828,683,1061,902
1696,0,0.3870823085308075,1,527,316,1066
1696,69,0.3536422848701477,828,684,1061,900
1696,69,0.25133025646209717,816,567,1063,908
1697,0,0.42863214015960693,1,527,315,1066
1697,69,0.35295042395591736,828,684,1061,901
1697,69,0.25790199637413025,816,567,1063,909
1698,0,0.3874424397945404,1,531,314,1063
1698,69,0.26249629259109497,828,684,1059,897
1699,0,0.4307822585105896,0,530,312,1064
1699,69,0.26487967371940613,824,682,1060,901
1700,0,0.4571298658847809,0,529,309,1064
1700,74,0.27885445952415466,1507,193,1583,271
1701,0,0.38929617404937744,0,531,307,1064
1701,74,0.27959513664245605,1507,193,1583,272
1702,0,0.3647502660751343,1,531,307,1064
1702,74,0.28018271923065186,1507,193,1583,272
1703,0,0.36307957768440247,1,530,312,1065
1705,0,0.27523788809776306,1685,776,1919,1068
1708,0,0.26644253730773926,0,532,312,1065
1708,74,0.2577170431613922,1507,193,1583,271
1708,69,0.2556173801422119,825,688,1055,904
1709,0,0.49316272139549255,1,533,310,1064
1709,74,0.26516392827033997,1507,193,1583,271
1710,0,0.3969128727912903,1,534,308,1065
1711,0,0.4926624000072479,1,532,310,1065
1712,0,0.5146328210830688,1,532,311,1065
1713,0,0.46021971106529236,1,533,306,1066
1713,74,0.2873859405517578,1507,193,1583,271
1714,0,0.47622087597846985,1,531,308,1065
1714,74,0.25406038761138916,1507,193,1583,271
1715,0,0.4696062207221985,1,532,307,1065
1715,74,0.29352006316185,1507,193,1583,271
1716,0,0.4277859032154083,1,532,308,1066
1716,74,0.26722171902656555,1507,193,1583,271
1717,0,0.4138503670692444,1,532,307,1066
1717,74,0.2694794237613678,1507,193,1583,271
1718,0,0.4296666979789734,1,531,308,1065
1719,0,0.4447347819805145,1,532,308,1065
1719,74,0.27170494198799133,1507,193,1583,271
1720,0,0.46434614062309265,1,531,309,1065
1721,0,0.500240683555603,1,532,307,1065
1721,74,0.260932981967926,1507,193,1583,271
1722,0,0.4788358211517334,1,531,307,1065
1722,74,0.25725433230400085,1507,193,1583,271
1723,0,0.47987475991249084,1,531,307,1065
1724,0,0.4679807722568512,1,532,307,1065
1725,0,0.4657372534275055,1,533,307,1065
1726,0,0.469318687915802,1,533,307,1065
1727,0,0.4784833788871765,1,532,307,1065
1728,0,0.4669451415538788,0,530,309,1065
1729,0,0.4674969017505646,1,531,307,1065
1730,0,0.4380267858505249,1,531,307,1065
1731,0,0.4385799467563629,1,532,308,1065
1732,0,0.45654016733169556,1,532,308,1065
1733,0,0.4593490660190582,1,532,308,1065
1734,0,0.4738238751888275,0,529,311,1065
1735,0,0.47603583335876465,1,531,308,1066
1736,0,0.48545703291893005,1,531,308,1065
1737,0,0.4798966646194458,1,531,308,1065
1738,0,0.4769161641597748,1,530,308,1065
1739,0,0.4582434296607971,1,531,308,1065
1740,0,0.4399634003639221,1,532,308,1065
1741,0,0.4651145040988922,1,532,308,1065
1742,0,0.4668916165828705,1,532,308,1065
1743,0,0.4382494390010834,1,532,307,1065
1744,0,0.4483540952205658,1,531,308,1065
1745,0,0.43006205558776855,1,531,308,1065
1746,0,0.44388264417648315,1,531,307,1065
1747,0,0.4503032863140106,1,531,308,1065
1748,0,0.45043671131134033,1,530,308,1065
1749,0,0.4472900331020355,1,530,307,1065
1750,0,0.4707399308681488,1,530,307,1065
1751,0,0.4834151268005371,1,530,307,1065
1752,0,0.48302119970321655,1,530,307,1065
1753,0,0.48973360657691956,1,529,307,1065
1754,0,0.4852321445941925,1,529,307,1065
1755,0,0.48355111479759216,1,529,307,1065
1756,0,0.5029541850090027,1,528,307,1065
1757,0,0.5194404125213623,1,526,310,1065
1758,0,0.5090326070785522,1,526,310,1065
1759,0,0.5039060711860657,1,528,307,1065
1760,0,0.4980367422103882,1,528,307,1066
1761,0,0.48685362935066223,1,529,307,1065
1762,0,0.4893186092376709,1,529,308,1065
1763,0,0.48803022503852844,1,530,307,1065
1764,0,0.5017696619033813,1,530,307,1065
1764,69,0.33530890941619873,820,676,1062,907
1765,0,0.4960159659385681,1,530,308,1065
1765,69,0.46143394708633423,819,656,1063,910
1766,69,0.618755042552948,817,598,1065,912
1766,0,0.5030228495597839,1,531,308,1065
1767,69,0.6094412803649902,817,599,1065,911
1767,0,0.5137091875076294,1,531,308,1065
1768,69,0.6280325651168823,818,598,1065,912
1768,0,0.5229547619819641,1,530,308,1065
1768,0,0.26548683643341064,1688,769,1919,1069
1769,0,0.5389377474784851,1,529,308,1065
1769,69,0.5007220506668091,819,606,1063,911
1769,0,0.3025752007961273,1687,769,1919,1069
1770,0,0.5487034916877747,1,528,308,1065
1770,69,0.3327564597129822,821,646,1062,906
1770,0,0.3095994293689728,1687,769,1919,1069
1771,0,0.5468341112136841,1,527,307,1065
1771,0,0.3082052767276764,1687,768,1919,1069
1772,0,0.5692222118377686,1,527,308,1065
1772,0,0.2982742488384247,1687,769,1919,1069
1773,0,0.5771045088768005,1,526,309,1065
1773,0,0.33397406339645386,1687,768,1919,1069
1774,0,0.5769699811935425,1,524,309,1065
1774,0,0.33031710982322693,1687,768,1919,1068
1775,0,0.5797675251960754,1,523,309,1065
1775,0,0.304111510515213,1687,768,1919,1068
1776,0,0.5923153162002563,1,523,308,1065
1776,0,0.3006683886051178,1687,768,1919,1068
1776,6,0.27193552255630493,255,54,1857,1053
1777,0,0.5928153991699219,1,523,308,1065
1777,0,0.29209527373313904,1687,767,1919,1069
1777,5,0.2699451744556427,245,22,1824,1043
1777,6,0.2662583291530609,255,54,1857,1053
1778,0,0.5780428051948547,1,524,308,1065
1778,5,0.36903369426727295,228,19,1850,1039
1778,0,0.25750836730003357,1686,767,1919,1069
1779,0,0.5569091439247131,1,525,309,1064
1779,5,0.3982640206813812,221,19,1874,1036
1779,0,0.2696954011917114,1686,767,1919,1069
1780,0,0.5310595035552979,1,526,309,1064
1780,5,0.449980765581131,211,18,1882,1035
1780,0,0.2542080283164978,1687,767,1919,1069
1781,0,0.5144788026809692,1,527,311,1064
1781,5,0.41423407196998596,213,14,1878,1035
1781,0,0.26320117712020874,1687,767,1919,1068
1782,0,0.516609251499176,1,527,310,1064
1782,5,0.4178953766822815,209,15,1879,1033
1783,0,0.5184536576271057,1,527,310,1064
1783,5,0.2547737658023834,264,44,1844,1056
1784,0,0.523271918296814,0,527,312,1064
1784,5,0.2807336449623108,216,13,1874,1033
1785,0,0.5169736742973328,0,526,311,1064
1785,5,0.2526245415210724,225,12,1870,1031
1786,0,0.5076409578323364,0,526,312,1064
1786,5,0.36039605736732483,228,18,1866,1033
1787,0,0.5154528021812439,0,526,312,1064
1787,5,0.3522324860095978,227,18,1866,1033
1788,0,0.5285013318061829,0,524,312,1064
1788,5,0.3557169735431671,219,23,1866,1035
1789,0,0.538460910320282,0,524,311,1064
1789,5,0.34074050188064575,225,24,1863,1030
1790,0,0.5275644659996033,0,525,311,1064
1790,5,0.36032789945602417,218,24,1866,1030
1791,0,0.5277877449989319,0,525,311,1064
1791,5,0.34526219964027405,217,26,1866,1027
1792,0,0.5326858162879944,0,524,311,1064
1792,5,0.35226836800575256,215,28,1867,1029
1793,0,0.537488579750061,0,524,311,1064
1793,5,0.44060277938842773,230,27,1868,1037
1794,0,0.5185238122940063,0,525,311,1064
1794,5,0.4608594477176666,225,27,1867,1037
1795,0,0.5059024691581726,0,526,311,1064
1795,5,0.42728540301322937,223,25,1874,1036
1796,0,0.4934307634830475,0,527,312,1064
1796,5,0.44335442781448364,224,21,1879,1037
1797,0,0.48916247487068176,0,527,312,1064
1797,5,0.445463091135025,227,21,1879,1037
1798,0,0.49090808629989624,0,527,313,1064
1798,5,0.4779079854488373,225,23,1881,1041
1799,0,0.49274423718452454,0,527,312,1064
1799,5,0.4003935158252716,238,25,1879,1043
1800,0,0.47442272305488586,0,525,313,1064
1800,5,0.324923038482666,226,24,1878,1039
